data_evento,categoria_evento,operacao,entrada_saida,ticker,ativo_nome,instituicao,quantidade,preco_unitario,valor_total,impacto_caixa,impacto_posicao,impacto_custo_medio,status_importacao
2026-04-15,rendimento,RENDIMENTO,CREDITO,BBGO11,BB FUNDO DE INVESTIMENTO DE CREDITO FIAGRO IMOBILIARIO RESPONSABILIDADE LIMITADA,NU INVEST CORRETORA DE VALORES S.A.,5,0.85,4.25,aumenta,sem alteração,não altera,OK
2026-04-15,rendimento,RENDIMENTO,CREDITO,BRCO11,FII BRESCO,BANCO BTG PACTUAL S.A.,2,0.92,1.84,aumenta,sem alteração,não altera,OK
2026-04-15,rendimento,RENDIMENTO,CREDITO,BRCR11,FDO INV IMOB - FII BTG PACTUAL CORP. OFFICE FUND,BANCO BTG PACTUAL S.A.,6,0.41,2.46,aumenta,sem alteração,não altera,OK
2026-04-15,rendimento,RENDIMENTO,CREDITO,BTCI11,FII BTG PACTUAL CRÉDITO IMOBILIÁRIO,BANCO BTG PACTUAL S.A.,29,0.093,2.69,aumenta,sem alteração,não altera,OK
2026-04-15,rendimento,RENDIMENTO,CREDITO,BTCI11,FII BTG PACTUAL CRÉDITO IMOBILIÁRIO,GENIAL INSTITUCIONAL CCTVM S.A.,36,0.093,3.34,aumenta,sem alteração,não altera,OK
2026-04-15,rendimento,RENDIMENTO,CREDITO,FATN11,FUNDO DE INVESTIMENTO IMOBILIÁRIO ATHENA I,BANCO BTG PACTUAL S.A.,3,0.8,2.4,aumenta,sem alteração,não altera,OK
2026-04-15,rendimento,RENDIMENTO,CREDITO,FATN11,FUNDO DE INVESTIMENTO IMOBILIÁRIO ATHENA I,GENIAL INSTITUCIONAL CCTVM S.A.,4,0.8,3.2,aumenta,sem alteração,não altera,OK
2026-04-15,rendimento,RENDIMENTO,CREDITO,FGAA11,FG/AGRO FDO DE INVEST - FIAGRO - IMOBILIÁRIO,BANCO BTG PACTUAL S.A.,21,0.115,2.41,aumenta,sem alteração,não altera,OK
2026-04-15,rendimento,RENDIMENTO,CREDITO,HGBS11,HEDGE BRASIL SHOPPING FDO INV IMOB,BANCO BTG PACTUAL S.A.,16,0.17,2.72,aumenta,sem alteração,não altera,OK
2026-04-15,rendimento,RENDIMENTO,CREDITO,HGBS11,HEDGE BRASIL SHOPPING FDO INV IMOB,GENIAL INSTITUCIONAL CCTVM S.A.,16,0.17,2.72,aumenta,sem alteração,não altera,OK
2026-04-15,rendimento,RENDIMENTO,CREDITO,HGBS11,HEDGE BRASIL SHOPPING FDO INV IMOB,NU INVEST CORRETORA DE VALORES S.A.,58,0.17,9.86,aumenta,sem alteração,não altera,OK
2026-04-15,rendimento,RENDIMENTO,CREDITO,HGCR11,PATRIA RECEBIVEIS IMOBILIARIOS - FIM- RESPONSABILIDADE LIMIT,BANCO BTG PACTUAL S.A.,3,0.95,2.85,aumenta,sem alteração,não altera,OK
2026-04-15,rendimento,RENDIMENTO,CREDITO,HGCR11,PATRIA RECEBIVEIS IMOBILIARIOS - FIM- RESPONSABILIDADE LIMIT,GENIAL INSTITUCIONAL CCTVM S.A.,3,0.95,2.85,aumenta,sem alteração,não altera,OK
2026-04-15,rendimento,RENDIMENTO,CREDITO,HGCR11,PATRIA RECEBIVEIS IMOBILIARIOS - FIM- RESPONSABILIDADE LIMIT,NU INVEST CORRETORA DE VALORES S.A.,21,0.95,19.95,aumenta,sem alteração,não altera,OK
2026-04-15,rendimento,RENDIMENTO,CREDITO,HGLG11,PÁTRIA LOG - FDO INV IMOB - RESPONSABILIDADE LTDA.,BANCO BTG PACTUAL S.A.,2,1.1,2.2,aumenta,sem alteração,não altera,OK
2026-04-15,rendimento,RENDIMENTO,CREDITO,HGLG11,PÁTRIA LOG - FDO INV IMOB - RESPONSABILIDADE LTDA.,GENIAL INSTITUCIONAL CCTVM S.A.,2,1.1,2.2,aumenta,sem alteração,não altera,OK
2026-04-15,rendimento,RENDIMENTO,CREDITO,JSRE11,JS REAL ESTATE MULTIGESTÃO - FII,BANCO BTG PACTUAL S.A.,4,0.48,1.92,aumenta,sem alteração,não altera,OK
2026-04-15,rendimento,RENDIMENTO,CREDITO,JSRE11,JS REAL ESTATE MULTIGESTÃO - FII,GENIAL INSTITUCIONAL CCTVM S.A.,5,0.48,2.4,aumenta,sem alteração,não altera,OK
2026-04-15,rendimento,RENDIMENTO,CREDITO,JURO11,SPARTA INFRA FIC FI INFRA RENDA FIXA CP,BANCO BTG PACTUAL S.A.,1,1,1,aumenta,sem alteração,não altera,OK
2026-04-15,rendimento,RENDIMENTO,CREDITO,MXRF11,MAXI RENDA FDO INV IMOB - FII,BANCO BTG PACTUAL S.A.,36,0.095,3.42,aumenta,sem alteração,não altera,OK
2026-04-15,rendimento,RENDIMENTO,CREDITO,MXRF11,MAXI RENDA FDO INV IMOB - FII,GENIAL INSTITUCIONAL CCTVM S.A.,33,0.095,3.13,aumenta,sem alteração,não altera,OK
2026-04-15,rendimento,RENDIMENTO,CREDITO,MXRF11,MAXI RENDA FDO INV IMOB - FII,NU INVEST CORRETORA DE VALORES S.A.,40,0.095,3.8,aumenta,sem alteração,não altera,OK
2026-04-15,rendimento,RENDIMENTO,CREDITO,RECR11,FDO INV IMOB - FII REC RECEBIVEIS IMOBILIARIOS,BANCO BTG PACTUAL S.A.,3,1.034,3.1,aumenta,sem alteração,não altera,OK
2026-04-15,rendimento,RENDIMENTO,CREDITO,RECR11,FDO INV IMOB - FII REC RECEBIVEIS IMOBILIARIOS,GENIAL INSTITUCIONAL CCTVM S.A.,4,1.034,4.13,aumenta,sem alteração,não altera,OK
2026-04-15,rendimento,RENDIMENTO,CREDITO,RZAG11,FDO INV CADEIAS PROD AGRO RIZA AGRO FIAGRO IMOB,BANCO BTG PACTUAL S.A.,34,0.12,4.08,aumenta,sem alteração,não altera,OK
2026-04-15,rendimento,RENDIMENTO,CREDITO,RZAG11,FDO INV CADEIAS PROD AGRO RIZA AGRO FIAGRO IMOB,GENIAL INSTITUCIONAL CCTVM S.A.,36,0.12,4.32,aumenta,sem alteração,não altera,OK
2026-04-15,rendimento,RENDIMENTO,CREDITO,SAPI11,SANTANDER PAPÉIS IMOBILIÁRIOS FDO DE INV IMOB,BANCO BTG PACTUAL S.A.,28,0.11,3.08,aumenta,sem alteração,não altera,OK
2026-04-15,rendimento,RENDIMENTO,CREDITO,TEPP11,TELLUS PROPERTIES - FDO INV. IMOB,BANCO BTG PACTUAL S.A.,30,0.131,3.93,aumenta,sem alteração,não altera,OK
2026-04-15,rendimento,RENDIMENTO,CREDITO,TEPP11,TELLUS PROPERTIES - FDO INV. IMOB,GENIAL INSTITUCIONAL CCTVM S.A.,37,0.131,4.84,aumenta,sem alteração,não altera,OK
2026-04-15,rendimento,RENDIMENTO,CREDITO,TEPP11,TELLUS PROPERTIES - FDO INV. IMOB,NU INVEST CORRETORA DE VALORES S.A.,50,0.131,6.55,aumenta,sem alteração,não altera,OK
2026-04-15,rendimento,RENDIMENTO,CREDITO,TGAR11,FUNDO DE INVESTIMENTO IMOBILIARIO TG ATIVO REAL,NU INVEST CORRETORA DE VALORES S.A.,22,0.72,15.84,aumenta,sem alteração,não altera,OK
2026-04-15,rendimento,RENDIMENTO,CREDITO,TRXF11,TRX REAL ESTATE FDO. INV. IMOB. - FII,BANCO BTG PACTUAL S.A.,1,0.93,0.93,aumenta,sem alteração,não altera,OK
2026-04-15,rendimento,RENDIMENTO,CREDITO,TVRI11,TIVIO RENDA IMOBILIARIA FI IMOBILIARIO RESP LTDA,BANCO BTG PACTUAL S.A.,3,1.05,3.15,aumenta,sem alteração,não altera,OK
2026-04-15,rendimento,RENDIMENTO,CREDITO,VILG11,FII VINCI LG,BANCO BTG PACTUAL S.A.,3,0.82,2.46,aumenta,sem alteração,não altera,OK
2026-04-15,rendimento,RENDIMENTO,CREDITO,VILG11,FII VINCI LG,GENIAL INSTITUCIONAL CCTVM S.A.,3,0.82,2.46,aumenta,sem alteração,não altera,OK
2026-04-15,rendimento,RENDIMENTO,CREDITO,XPCI11,XP CREDITO IMOBILIÁRIO - FDO INV IMOB,BANCO BTG PACTUAL S.A.,1,0.85,0.85,aumenta,sem alteração,não altera,OK
2026-04-14,rendimento,RENDIMENTO,CREDITO,HABT11,HABITAT RECEBÍVEIS PULVERIZADOS - FII,BANCO BTG PACTUAL S.A.,1,0.95,0.95,aumenta,sem alteração,não altera,OK
2026-04-14,rendimento,RENDIMENTO,CREDITO,HABT11,HABITAT RECEBÍVEIS PULVERIZADOS - FII,NU INVEST CORRETORA DE VALORES S.A.,24,0.95,22.8,aumenta,sem alteração,não altera,OK
2026-04-14,rendimento,RENDIMENTO,CREDITO,KNCA11,KINEA CRÉDITO AGRO FIAGRO-IMOBILIÁRIO,BANCO BTG PACTUAL S.A.,3,0.95,2.85,aumenta,sem alteração,não altera,OK
2026-04-14,rendimento,RENDIMENTO,CREDITO,KNCA11,KINEA CRÉDITO AGRO FIAGRO-IMOBILIÁRIO,GENIAL INSTITUCIONAL CCTVM S.A.,3,0.95,2.85,aumenta,sem alteração,não altera,OK
2026-04-14,rendimento,RENDIMENTO,CREDITO,KNCA11,KINEA CRÉDITO AGRO FIAGRO-IMOBILIÁRIO,NU INVEST CORRETORA DE VALORES S.A.,4,0.95,3.8,aumenta,sem alteração,não altera,OK
2026-04-14,rendimento,RENDIMENTO,CREDITO,KNCR11,KINEA RENDIMENTOS IMOBILIÁRIOS FDO INV IMOB - FII,BANCO BTG PACTUAL S.A.,3,1.15,3.45,aumenta,sem alteração,não altera,OK
2026-04-14,rendimento,RENDIMENTO,CREDITO,KNCR11,KINEA RENDIMENTOS IMOBILIÁRIOS FDO INV IMOB - FII,GENIAL INSTITUCIONAL CCTVM S.A.,3,1.15,3.45,aumenta,sem alteração,não altera,OK
2026-04-14,rendimento,RENDIMENTO,CREDITO,KNSC11,KINEA SECURITIES FUNDO DE INVESTIMENTO IMOBILIARIO RESP LIMITADA,BANCO BTG PACTUAL S.A.,39,0.11,4.29,aumenta,sem alteração,não altera,OK
2026-04-14,rendimento,RENDIMENTO,CREDITO,KNSC11,KINEA SECURITIES FUNDO DE INVESTIMENTO IMOBILIARIO RESP LIMITADA,GENIAL INSTITUCIONAL CCTVM S.A.,37,0.11,4.07,aumenta,sem alteração,não altera,OK
2026-04-14,rendimento,RENDIMENTO,CREDITO,KNSC11,KINEA SECURITIES FUNDO DE INVESTIMENTO IMOBILIARIO RESP LIMITADA,NU INVEST CORRETORA DE VALORES S.A.,550,0.11,60.5,aumenta,sem alteração,não altera,OK
2026-04-13,rendimento,RENDIMENTO,CREDITO,KNHF11,KINEA HEDGE FUND FII RESPONSABILIDADE LIMITADA,BANCO BTG PACTUAL S.A.,3,1,3,aumenta,sem alteração,não altera,OK
2026-04-13,rendimento,RENDIMENTO,CREDITO,KNHF11,KINEA HEDGE FUND FII RESPONSABILIDADE LIMITADA,GENIAL INSTITUCIONAL CCTVM S.A.,3,1,3,aumenta,sem alteração,não altera,OK
2026-04-09,rendimento,RENDIMENTO,CREDITO,GGRC11,GGR COVEPI RENDA FDO INV IMOB RESPONSAB LTDA,BANCO BTG PACTUAL S.A.,25,0.1,2.5,aumenta,sem alteração,não altera,OK
2026-04-09,rendimento,RENDIMENTO,CREDITO,GGRC11,GGR COVEPI RENDA FDO INV IMOB RESPONSAB LTDA,GENIAL INSTITUCIONAL CCTVM S.A.,33,0.1,3.3,aumenta,sem alteração,não altera,OK
2026-04-09,rendimento,RENDIMENTO,CREDITO,PATL11,PÁTRIA LOGÍSTICA FUNDO DE INVESTIMENTO IMOBILIÁRIO,BANCO BTG PACTUAL S.A.,4,0.57,2.28,aumenta,sem alteração,não altera,OK
2026-04-08,rendimento,RENDIMENTO,CREDITO,HTMX11,FDO INV IMOB - FII HOTEL MAXINVEST,NU INVEST CORRETORA DE VALORES S.A.,7,1.2,8.4,aumenta,sem alteração,não altera,OK
2026-04-08,rendimento,RENDIMENTO,CREDITO,LVBI11,FII LVBI VBI,BANCO BTG PACTUAL S.A.,2,0.75,1.5,aumenta,sem alteração,não altera,OK
2026-04-08,rendimento,RENDIMENTO,CREDITO,LVBI11,FII LVBI VBI,GENIAL INSTITUCIONAL CCTVM S.A.,3,0.75,2.25,aumenta,sem alteração,não altera,OK
2026-04-08,rendimento,RENDIMENTO,CREDITO,PORD11,POLO CREDITO IMOBILIARIO - FII,BANCO BTG PACTUAL S.A.,31,0.098,3.03,aumenta,sem alteração,não altera,OK
2026-04-08,rendimento,RENDIMENTO,CREDITO,RZTR11,FUNDO DE INVESTIMENTO IMOBILIÁRIO RIZA TERRAX,BANCO BTG PACTUAL S.A.,3,1,3,aumenta,sem alteração,não altera,OK
2026-04-08,rendimento,RENDIMENTO,CREDITO,RZTR11,FUNDO DE INVESTIMENTO IMOBILIÁRIO RIZA TERRAX,GENIAL INSTITUCIONAL CCTVM S.A.,3,1,3,aumenta,sem alteração,não altera,OK
2026-04-01,juros sobre capital próprio,JCP,CREDITO,ITSA4,ITAUSA S.A.,BANCO BTG PACTUAL S.A.,5,0.024,0.1,aumenta,sem alteração,não altera,OK
2026-04-01,juros sobre capital próprio,JCP,CREDITO,ITUB4,ITAU UNIBANCO HOLDING S.A,BANCO BTG PACTUAL S.A.,1,0.018,0.01,aumenta,sem alteração,não altera,OK
2026-03-27,rendimento,RENDIMENTO,CREDITO,BCIA11,BRADESCO CARTEIRA IMOBILIARIA ATIVA FUNDO DE FUNDOS DE INVESTIMENTO IMOBILIARIO FII,NU INVEST CORRETORA DE VALORES S.A.,4,0.86,3.44,aumenta,sem alteração,não altera,OK
2026-03-25,rendimento,RENDIMENTO,CREDITO,SNAG11,SUNO AGRO - FIAGRO-IMOBILIARIO,NU INVEST CORRETORA DE VALORES S.A.,40,0.15,6,aumenta,sem alteração,não altera,OK
2026-03-23,rendimento,RENDIMENTO,CREDITO,RBRX11,RBR PLUS MULTIESTRATÉGIA REAL ESTATE FII,NU INVEST CORRETORA DE VALORES S.A.,49,0.09,4.41,aumenta,sem alteração,não altera,OK
2026-03-20,rendimento,RENDIMENTO,CREDITO,PETR4,PETROLEO BRASILEIRO S.A. PETROBRAS,BANCO BTG PACTUAL S.A.,2,0.009,0.01,aumenta,sem alteração,não altera,OK
2026-03-20,rendimento,RENDIMENTO,CREDITO,PETR4,PETROLEO BRASILEIRO S.A. PETROBRAS,BANCO BTG PACTUAL S.A.,2,0.005,0.01,aumenta,sem alteração,não altera,OK
2026-03-20,dividendo,DIVIDENDO,CREDITO,PETR4,PETROLEO BRASILEIRO S.A. PETROBRAS,BANCO BTG PACTUAL S.A.,2,0.296,0.59,aumenta,sem alteração,não altera,OK
2026-03-20,rendimento,RENDIMENTO,CREDITO,RZAK11,RIZA AKIN FDO. INV. IMOB. FII,BANCO BTG PACTUAL S.A.,1,1.05,1.05,aumenta,sem alteração,não altera,OK
2026-03-20,rendimento,RENDIMENTO,CREDITO,RZAK11,RIZA AKIN FDO. INV. IMOB. FII,NU INVEST CORRETORA DE VALORES S.A.,5,1.05,5.25,aumenta,sem alteração,não altera,OK
2026-03-18,dividendo,DIVIDENDO,CREDITO,BMEB4,BCO MERCANTIL DO BRASIL S.A.,BANCO BTG PACTUAL S.A.,1,0.051,0.05,aumenta,sem alteração,não altera,OK
2026-03-18,rendimento,RENDIMENTO,CREDITO,CPTS11,CAPITANIA SECURITIES II FUNDO DE INVESTIMENTO IMOBILIARIO RESPONSABILIDADE LIMITADA,BANCO BTG PACTUAL S.A.,10,0.09,0.9,aumenta,sem alteração,não altera,OK
2026-03-18,rendimento,RENDIMENTO,CREDITO,CPTS11,CAPITANIA SECURITIES II FUNDO DE INVESTIMENTO IMOBILIARIO RESPONSABILIDADE LIMITADA,NU INVEST CORRETORA DE VALORES S.A.,274,0.09,24.66,aumenta,sem alteração,não altera,OK
2026-03-17,rendimento,RENDIMENTO,CREDITO,CXAG11,FUNDO DE INVESTIMENTO IMOBILIÁRIO CAIXA AGÊNCIAS,BANCO BTG PACTUAL S.A.,1,0.72,0.72,aumenta,sem alteração,não altera,OK
2026-03-16,rendimento,RENDIMENTO,CREDITO,CCME11,CANUMA CAPITAL MULTIESTRATÉGIA FDO DE INV IMOB,BANCO BTG PACTUAL S.A.,6,0.084,0.5,aumenta,sem alteração,não altera,OK
2026-03-13,rendimento,RENDIMENTO,CREDITO,BBGO11,BB FUNDO DE INVESTIMENTO DE CREDITO FIAGRO IMOBILIARIO RESPONSABILIDADE LIMITADA,NU INVEST CORRETORA DE VALORES S.A.,5,0.85,4.25,aumenta,sem alteração,não altera,OK
2026-03-13,rendimento,RENDIMENTO,CREDITO,BRCR11,FDO INV IMOB - FII BTG PACTUAL CORP. OFFICE FUND,BANCO BTG PACTUAL S.A.,1,0.41,0.41,aumenta,sem alteração,não altera,OK
2026-03-13,rendimento,RENDIMENTO,CREDITO,HGBS11,HEDGE BRASIL SHOPPING FDO INV IMOB,BANCO BTG PACTUAL S.A.,3,0.17,0.51,aumenta,sem alteração,não altera,OK
2026-03-13,rendimento,RENDIMENTO,CREDITO,HGBS11,HEDGE BRASIL SHOPPING FDO INV IMOB,NU INVEST CORRETORA DE VALORES S.A.,58,0.17,9.86,aumenta,sem alteração,não altera,OK
2026-03-13,rendimento,RENDIMENTO,CREDITO,HGCR11,PATRIA RECEBIVEIS IMOBILIARIOS - FIM- RESPONSABILIDADE LIMIT,NU INVEST CORRETORA DE VALORES S.A.,21,0.95,19.95,aumenta,sem alteração,não altera,OK
2026-03-13,rendimento,RENDIMENTO,CREDITO,JSRE11,JS REAL ESTATE MULTIGESTÃO - FII,BANCO BTG PACTUAL S.A.,1,0.48,0.48,aumenta,sem alteração,não altera,OK
2026-03-13,rendimento,RENDIMENTO,CREDITO,JURO11,SPARTA INFRA FIC FI INFRA RENDA FIXA CP,BANCO BTG PACTUAL S.A.,1,1,1,aumenta,sem alteração,não altera,OK
2026-03-13,rendimento,RENDIMENTO,CREDITO,MXRF11,MAXI RENDA FDO INV IMOB - FII,BANCO BTG PACTUAL S.A.,10,0.1,1,aumenta,sem alteração,não altera,OK
2026-03-13,rendimento,RENDIMENTO,CREDITO,MXRF11,MAXI RENDA FDO INV IMOB - FII,NU INVEST CORRETORA DE VALORES S.A.,40,0.1,4,aumenta,sem alteração,não altera,OK
2026-03-13,rendimento,RENDIMENTO,CREDITO,RZAG11,FDO INV CADEIAS PROD AGRO RIZA AGRO FIAGRO IMOB,BANCO BTG PACTUAL S.A.,6,0.12,0.72,aumenta,sem alteração,não altera,OK
2026-03-13,rendimento,RENDIMENTO,CREDITO,TEPP11,TELLUS PROPERTIES - FDO INV. IMOB,BANCO BTG PACTUAL S.A.,10,0.08,0.8,aumenta,sem alteração,não altera,OK
2026-03-13,rendimento,RENDIMENTO,CREDITO,TEPP11,TELLUS PROPERTIES - FDO INV. IMOB,NU INVEST CORRETORA DE VALORES S.A.,50,0.08,4,aumenta,sem alteração,não altera,OK
2026-03-13,rendimento,RENDIMENTO,CREDITO,TGAR11,FUNDO DE INVESTIMENTO IMOBILIARIO TG ATIVO REAL,NU INVEST CORRETORA DE VALORES S.A.,22,0.72,15.84,aumenta,sem alteração,não altera,OK
2026-03-13,rendimento,RENDIMENTO,CREDITO,TRXF11,TRX REAL ESTATE FDO. INV. IMOB. - FII,BANCO BTG PACTUAL S.A.,1,0.93,0.93,aumenta,sem alteração,não altera,OK
2026-03-13,rendimento,RENDIMENTO,CREDITO,VILG11,FII VINCI LG,BANCO BTG PACTUAL S.A.,1,0.82,0.82,aumenta,sem alteração,não altera,OK
2026-03-13,rendimento,RENDIMENTO,CREDITO,XPCI11,XP CREDITO IMOBILIÁRIO - FDO INV IMOB,BANCO BTG PACTUAL S.A.,1,0.85,0.85,aumenta,sem alteração,não altera,OK
2026-03-12,rendimento,RENDIMENTO,CREDITO,HABT11,HABITAT RECEBÍVEIS PULVERIZADOS - FII,BANCO BTG PACTUAL S.A.,1,0.95,0.95,aumenta,sem alteração,não altera,OK
2026-03-12,rendimento,RENDIMENTO,CREDITO,HABT11,HABITAT RECEBÍVEIS PULVERIZADOS - FII,NU INVEST CORRETORA DE VALORES S.A.,24,0.95,22.8,aumenta,sem alteração,não altera,OK
2026-03-12,rendimento,RENDIMENTO,CREDITO,KNCA11,KINEA CRÉDITO AGRO FIAGRO-IMOBILIÁRIO,BANCO BTG PACTUAL S.A.,1,1,1,aumenta,sem alteração,não altera,OK
2026-03-12,rendimento,RENDIMENTO,CREDITO,KNCA11,KINEA CRÉDITO AGRO FIAGRO-IMOBILIÁRIO,NU INVEST CORRETORA DE VALORES S.A.,4,1,4,aumenta,sem alteração,não altera,OK
2026-03-12,rendimento,RENDIMENTO,CREDITO,KNCR11,KINEA RENDIMENTOS IMOBILIÁRIOS FDO INV IMOB - FII,BANCO BTG PACTUAL S.A.,1,1,1,aumenta,sem alteração,não altera,OK
2026-03-12,rendimento,RENDIMENTO,CREDITO,KNSC11,KINEA SECURITIES FUNDO DE INVESTIMENTO IMOBILIARIO RESP LIMITADA,BANCO BTG PACTUAL S.A.,10,0.08,0.8,aumenta,sem alteração,não altera,OK
2026-03-12,rendimento,RENDIMENTO,CREDITO,KNSC11,KINEA SECURITIES FUNDO DE INVESTIMENTO IMOBILIARIO RESP LIMITADA,NU INVEST CORRETORA DE VALORES S.A.,550,0.08,44,aumenta,sem alteração,não altera,OK
2026-03-09,rendimento,RENDIMENTO,CREDITO,PATL11,PÁTRIA LOGÍSTICA FUNDO DE INVESTIMENTO IMOBILIÁRIO,BANCO BTG PACTUAL S.A.,1,0.57,0.57,aumenta,sem alteração,não altera,OK
2026-03-06,rendimento,RENDIMENTO,CREDITO,HTMX11,FDO INV IMOB - FII HOTEL MAXINVEST,NU INVEST CORRETORA DE VALORES S.A.,7,1.2,8.4,aumenta,sem alteração,não altera,OK
2026-03-06,juros sobre capital próprio,JCP,CREDITO,ITSA4,ITAUSA S.A.,BANCO BTG PACTUAL S.A.,5,0.018,0.08,aumenta,sem alteração,não altera,OK
2026-03-05,rendimento,RENDIMENTO,CREDITO,BBAS3,BANCO DO BRASIL S.A.,BANCO BTG PACTUAL S.A.,2,0.005,0.01,aumenta,sem alteração,não altera,OK
2026-03-04,dividendo,DIVIDENDO,CREDITO,VALE3,VALE S.A.,GENIAL INSTITUCIONAL CCTVM S.A.,3,0.768,2.3,aumenta,sem alteração,não altera,OK
2026-03-02,dividendo,DIVIDENDO,CREDITO,BBSE3,BB SEGURIDADE PARTICIPACOES S.A.,BANCO BTG PACTUAL S.A.,2,2.55,5.09,aumenta,sem alteração,não altera,OK
2026-03-02,juros sobre capital próprio,JCP,CREDITO,ITUB4,ITAU UNIBANCO HOLDING S.A,BANCO BTG PACTUAL S.A.,1,0.018,0.01,aumenta,sem alteração,não altera,OK
2026-02-27,rendimento,RENDIMENTO,CREDITO,BCIA11,BRADESCO CARTEIRA IMOBILIARIA ATIVA FUNDO DE FUNDOS DE INVESTIMENTO IMOBILIARIO FII,NU INVEST CORRETORA DE VALORES S.A.,4,0.86,3.44,aumenta,sem alteração,não altera,OK
2026-02-25,rendimento,RENDIMENTO,CREDITO,RBRX11,RBR PLUS MULTIESTRATÉGIA REAL ESTATE FII,NU INVEST CORRETORA DE VALORES S.A.,49,0.09,4.41,aumenta,sem alteração,não altera,OK
2026-02-25,rendimento,RENDIMENTO,CREDITO,SNAG11,SUNO AGRO - FIAGRO-IMOBILIARIO,NU INVEST CORRETORA DE VALORES S.A.,40,0.2,8,aumenta,sem alteração,não altera,OK
2026-02-24,rendimento,RENDIMENTO,CREDITO,RZAK11,RIZA AKIN FDO. INV. IMOB. FII,BANCO BTG PACTUAL S.A.,1,1.1,1.1,aumenta,sem alteração,não altera,OK
2026-02-24,rendimento,RENDIMENTO,CREDITO,RZAK11,RIZA AKIN FDO. INV. IMOB. FII,NU INVEST CORRETORA DE VALORES S.A.,5,1.1,5.5,aumenta,sem alteração,não altera,OK
2026-02-20,rendimento,RENDIMENTO,CREDITO,CPTS11,CAPITANIA SECURITIES II FUNDO DE INVESTIMENTO IMOBILIARIO RESPONSABILIDADE LIMITADA,BANCO BTG PACTUAL S.A.,10,0.09,0.9,aumenta,sem alteração,não altera,OK
2026-02-20,rendimento,RENDIMENTO,CREDITO,CPTS11,CAPITANIA SECURITIES II FUNDO DE INVESTIMENTO IMOBILIARIO RESPONSABILIDADE LIMITADA,NU INVEST CORRETORA DE VALORES S.A.,274,0.09,24.66,aumenta,sem alteração,não altera,OK
2026-02-20,rendimento,RENDIMENTO,CREDITO,PETR4,PETROLEO BRASILEIRO S.A. PETROBRAS,BANCO BTG PACTUAL S.A.,2,0.009,0.01,aumenta,sem alteração,não altera,OK
2026-02-19,rendimento,RENDIMENTO,CREDITO,CXAG11,FUNDO DE INVESTIMENTO IMOBILIÁRIO CAIXA AGÊNCIAS,BANCO BTG PACTUAL S.A.,1,0.72,0.72,aumenta,sem alteração,não altera,OK
2026-02-18,rendimento,RENDIMENTO,CREDITO,CCME11,CANUMA CAPITAL MULTIESTRATÉGIA FDO DE INV IMOB,BANCO BTG PACTUAL S.A.,6,0.084,0.5,aumenta,sem alteração,não altera,OK
2026-02-13,rendimento,RENDIMENTO,CREDITO,BBGO11,BB FUNDO DE INVESTIMENTO DE CREDITO FIAGRO IMOBILIARIO RESPONSABILIDADE LIMITADA,NU INVEST CORRETORA DE VALORES S.A.,5,0.96,4.8,aumenta,sem alteração,não altera,OK
2026-02-13,rendimento,RENDIMENTO,CREDITO,BRCR11,FDO INV IMOB - FII BTG PACTUAL CORP. OFFICE FUND,BANCO BTG PACTUAL S.A.,1,0.41,0.41,aumenta,sem alteração,não altera,OK
2026-02-13,rendimento,RENDIMENTO,CREDITO,HGBS11,HEDGE BRASIL SHOPPING FDO INV IMOB,BANCO BTG PACTUAL S.A.,3,0.16,0.48,aumenta,sem alteração,não altera,OK
2026-02-13,rendimento,RENDIMENTO,CREDITO,HGBS11,HEDGE BRASIL SHOPPING FDO INV IMOB,NU INVEST CORRETORA DE VALORES S.A.,58,0.16,9.28,aumenta,sem alteração,não altera,OK
2026-02-13,rendimento,RENDIMENTO,CREDITO,HGCR11,PATRIA RECEBIVEIS IMOBILIARIOS - FIM- RESPONSABILIDADE LIMIT,NU INVEST CORRETORA DE VALORES S.A.,21,0.95,19.95,aumenta,sem alteração,não altera,OK
2026-02-13,rendimento,RENDIMENTO,CREDITO,JSRE11,JS REAL ESTATE MULTIGESTÃO - FII,BANCO BTG PACTUAL S.A.,1,0.48,0.48,aumenta,sem alteração,não altera,OK
2026-02-13,rendimento,RENDIMENTO,CREDITO,JURO11,SPARTA INFRA FIC FI INFRA RENDA FIXA CP,BANCO BTG PACTUAL S.A.,1,1,1,aumenta,sem alteração,não altera,OK
2026-02-13,rendimento,RENDIMENTO,CREDITO,MXRF11,MAXI RENDA FDO INV IMOB - FII,BANCO BTG PACTUAL S.A.,10,0.1,1,aumenta,sem alteração,não altera,OK
2026-02-13,rendimento,RENDIMENTO,CREDITO,MXRF11,MAXI RENDA FDO INV IMOB - FII,NU INVEST CORRETORA DE VALORES S.A.,40,0.1,4,aumenta,sem alteração,não altera,OK
2026-02-13,rendimento,RENDIMENTO,CREDITO,RZAG11,FDO INV CADEIAS PROD AGRO RIZA AGRO FIAGRO IMOB,BANCO BTG PACTUAL S.A.,6,0.12,0.72,aumenta,sem alteração,não altera,OK
2026-02-13,rendimento,RENDIMENTO,CREDITO,TEPP11,TELLUS PROPERTIES - FDO INV. IMOB,BANCO BTG PACTUAL S.A.,10,0.075,0.75,aumenta,sem alteração,não altera,OK
2026-02-13,rendimento,RENDIMENTO,CREDITO,TEPP11,TELLUS PROPERTIES - FDO INV. IMOB,NU INVEST CORRETORA DE VALORES S.A.,50,0.075,3.75,aumenta,sem alteração,não altera,OK
2026-02-13,rendimento,RENDIMENTO,CREDITO,TGAR11,FUNDO DE INVESTIMENTO IMOBILIARIO TG ATIVO REAL,NU INVEST CORRETORA DE VALORES S.A.,22,0.71,15.62,aumenta,sem alteração,não altera,OK
2026-02-13,rendimento,RENDIMENTO,CREDITO,TRXF11,TRX REAL ESTATE FDO. INV. IMOB. - FII,BANCO BTG PACTUAL S.A.,1,0.93,0.93,aumenta,sem alteração,não altera,OK
2026-02-13,rendimento,RENDIMENTO,CREDITO,VILG11,FII VINCI LG,BANCO BTG PACTUAL S.A.,1,0.8,0.8,aumenta,sem alteração,não altera,OK
2026-02-13,rendimento,RENDIMENTO,CREDITO,XPCI11,XP CREDITO IMOBILIÁRIO - FDO INV IMOB,BANCO BTG PACTUAL S.A.,1,0.88,0.88,aumenta,sem alteração,não altera,OK
2026-02-12,rendimento,RENDIMENTO,CREDITO,HABT11,HABITAT RECEBÍVEIS PULVERIZADOS - FII,BANCO BTG PACTUAL S.A.,1,0.95,0.95,aumenta,sem alteração,não altera,OK
2026-02-12,rendimento,RENDIMENTO,CREDITO,HABT11,HABITAT RECEBÍVEIS PULVERIZADOS - FII,NU INVEST CORRETORA DE VALORES S.A.,24,0.95,22.8,aumenta,sem alteração,não altera,OK
2026-02-12,rendimento,RENDIMENTO,CREDITO,KNCA11,KINEA CRÉDITO AGRO FIAGRO-IMOBILIÁRIO,BANCO BTG PACTUAL S.A.,1,1.1,1.1,aumenta,sem alteração,não altera,OK
2026-02-12,rendimento,RENDIMENTO,CREDITO,KNCA11,KINEA CRÉDITO AGRO FIAGRO-IMOBILIÁRIO,NU INVEST CORRETORA DE VALORES S.A.,4,1.1,4.4,aumenta,sem alteração,não altera,OK
2026-02-12,rendimento,RENDIMENTO,CREDITO,KNCR11,KINEA RENDIMENTOS IMOBILIÁRIOS FDO INV IMOB - FII,BANCO BTG PACTUAL S.A.,1,1.2,1.2,aumenta,sem alteração,não altera,OK
2026-02-12,rendimento,RENDIMENTO,CREDITO,KNSC11,KINEA SECURITIES FUNDO DE INVESTIMENTO IMOBILIARIO RESP LIMITADA,BANCO BTG PACTUAL S.A.,10,0.09,0.9,aumenta,sem alteração,não altera,OK
2026-02-12,rendimento,RENDIMENTO,CREDITO,KNSC11,KINEA SECURITIES FUNDO DE INVESTIMENTO IMOBILIARIO RESP LIMITADA,NU INVEST CORRETORA DE VALORES S.A.,550,0.09,49.5,aumenta,sem alteração,não altera,OK
2026-02-09,rendimento,RENDIMENTO,CREDITO,PATL11,PÁTRIA LOGÍSTICA FUNDO DE INVESTIMENTO IMOBILIÁRIO,BANCO BTG PACTUAL S.A.,1,0.57,0.57,aumenta,sem alteração,não altera,OK
2026-02-06,rendimento,RENDIMENTO,CREDITO,HTMX11,FDO INV IMOB - FII HOTEL MAXINVEST,NU INVEST CORRETORA DE VALORES S.A.,7,1,7,aumenta,sem alteração,não altera,OK
2026-02-03,resgate,APLICACAO,CREDITO,CDB,CDB2261M8JC - BANCO BTG PACTUAL S.A.,BANCO BTG PACTUAL S.A.,2,500,1000,aumenta,reduz posição,não altera para posição remanescente,OK
2026-02-02,juros sobre capital próprio,JCP,CREDITO,ITUB4,ITAU UNIBANCO HOLDING S.A,BANCO BTG PACTUAL S.A.,1.03,0.018,0.01,aumenta,sem alteração,não altera,OK
2026-01-29,rendimento,RENDIMENTO,CREDITO,BCIA11,BRADESCO CARTEIRA IMOBILIARIA ATIVA FUNDO DE FUNDOS DE INVESTIMENTO IMOBILIARIO FII,NU INVEST CORRETORA DE VALORES S.A.,4,0.86,3.44,aumenta,sem alteração,não altera,OK
2026-01-28,dividendo,DIVIDENDO,CREDITO,TAEE11,TRANSMISSORA ALIANCA DE ENERGIA ELETRICA S.A.,BANCO BTG PACTUAL S.A.,1,0.519,0.51,aumenta,sem alteração,não altera,OK
2026-01-23,rendimento,RENDIMENTO,CREDITO,RBRX11,RBR PLUS MULTIESTRATÉGIA REAL ESTATE FII,NU INVEST CORRETORA DE VALORES S.A.,49,0.09,4.41,aumenta,sem alteração,não altera,OK
2026-01-23,rendimento,RENDIMENTO,CREDITO,SNAG11,SUNO AGRO - FIAGRO-IMOBILIARIO,NU INVEST CORRETORA DE VALORES S.A.,40,0.13,5.2,aumenta,sem alteração,não altera,OK
2026-01-22,rendimento,RENDIMENTO,CREDITO,RZAK11,RIZA AKIN FDO. INV. IMOB. FII,BANCO BTG PACTUAL S.A.,1,1.1,1.1,aumenta,sem alteração,não altera,OK
2026-01-22,rendimento,RENDIMENTO,CREDITO,RZAK11,RIZA AKIN FDO. INV. IMOB. FII,NU INVEST CORRETORA DE VALORES S.A.,5,1.1,5.5,aumenta,sem alteração,não altera,OK
2026-01-20,rendimento,RENDIMENTO,CREDITO,CPTS11,CAPITANIA SECURITIES II FUNDO DE INVESTIMENTO IMOBILIARIO RESPONSABILIDADE LIMITADA,BANCO BTG PACTUAL S.A.,10,0.09,0.9,aumenta,sem alteração,não altera,OK
2026-01-20,rendimento,RENDIMENTO,CREDITO,CPTS11,CAPITANIA SECURITIES II FUNDO DE INVESTIMENTO IMOBILIARIO RESPONSABILIDADE LIMITADA,NU INVEST CORRETORA DE VALORES S.A.,274,0.09,24.66,aumenta,sem alteração,não altera,OK
2026-01-19,rendimento,RENDIMENTO,CREDITO,CXAG11,FUNDO DE INVESTIMENTO IMOBILIÁRIO CAIXA AGÊNCIAS,BANCO BTG PACTUAL S.A.,1,0.86,0.86,aumenta,sem alteração,não altera,OK
2026-01-16,rendimento,RENDIMENTO,CREDITO,CCME11,CANUMA CAPITAL MULTIESTRATÉGIA FDO DE INV IMOB,BANCO BTG PACTUAL S.A.,6,0.088,0.52,aumenta,sem alteração,não altera,OK
2026-01-15,rendimento,RENDIMENTO,CREDITO,BBGO11,BB FUNDO DE INVESTIMENTO DE CREDITO FIAGRO IMOBILIARIO RESPONSABILIDADE LIMITADA,NU INVEST CORRETORA DE VALORES S.A.,5,0.96,4.8,aumenta,sem alteração,não altera,OK
2026-01-15,rendimento,RENDIMENTO,CREDITO,BRCR11,FDO INV IMOB - FII BTG PACTUAL CORP. OFFICE FUND,BANCO BTG PACTUAL S.A.,1,0.41,0.41,aumenta,sem alteração,não altera,OK
2026-01-15,rendimento,RENDIMENTO,CREDITO,HGBS11,HEDGE BRASIL SHOPPING FDO INV IMOB,BANCO BTG PACTUAL S.A.,3,0.15,0.45,aumenta,sem alteração,não altera,OK
2026-01-15,rendimento,RENDIMENTO,CREDITO,HGBS11,HEDGE BRASIL SHOPPING FDO INV IMOB,NU INVEST CORRETORA DE VALORES S.A.,58,0.15,8.7,aumenta,sem alteração,não altera,OK
2026-01-15,rendimento,RENDIMENTO,CREDITO,HGCR11,PATRIA RECEBIVEIS IMOBILIARIOS - FIM- RESPONSABILIDADE LIMIT,NU INVEST CORRETORA DE VALORES S.A.,21,1,21,aumenta,sem alteração,não altera,OK
2026-01-15,rendimento,RENDIMENTO,CREDITO,JSRE11,JS REAL ESTATE MULTIGESTÃO - FII,BANCO BTG PACTUAL S.A.,1,0.48,0.48,aumenta,sem alteração,não altera,OK
2026-01-15,rendimento,RENDIMENTO,CREDITO,JURO11,SPARTA INFRA FIC FI INFRA RENDA FIXA CP,BANCO BTG PACTUAL S.A.,1,1,1,aumenta,sem alteração,não altera,OK
2026-01-15,rendimento,RENDIMENTO,CREDITO,MXRF11,MAXI RENDA FDO INV IMOB - FII,BANCO BTG PACTUAL S.A.,10,0.1,1,aumenta,sem alteração,não altera,OK
2026-01-15,rendimento,RENDIMENTO,CREDITO,MXRF11,MAXI RENDA FDO INV IMOB - FII,NU INVEST CORRETORA DE VALORES S.A.,40,0.1,4,aumenta,sem alteração,não altera,OK
2026-01-15,rendimento,RENDIMENTO,CREDITO,RZAG11,FDO INV CADEIAS PROD AGRO RIZA AGRO FIAGRO IMOB,BANCO BTG PACTUAL S.A.,6,0.15,0.9,aumenta,sem alteração,não altera,OK
2026-01-15,rendimento,RENDIMENTO,CREDITO,TEPP11,TELLUS PROPERTIES - FDO INV. IMOB,BANCO BTG PACTUAL S.A.,10,0.075,0.75,aumenta,sem alteração,não altera,OK
2026-01-15,rendimento,RENDIMENTO,CREDITO,TEPP11,TELLUS PROPERTIES - FDO INV. IMOB,NU INVEST CORRETORA DE VALORES S.A.,50,0.075,3.75,aumenta,sem alteração,não altera,OK
2026-01-15,rendimento,RENDIMENTO,CREDITO,TGAR11,FUNDO DE INVESTIMENTO IMOBILIARIO TG ATIVO REAL,NU INVEST CORRETORA DE VALORES S.A.,22,1,22,aumenta,sem alteração,não altera,OK
2026-01-15,rendimento,RENDIMENTO,CREDITO,TRXF11,TRX REAL ESTATE FDO. INV. IMOB. - FII,BANCO BTG PACTUAL S.A.,1,1,1,aumenta,sem alteração,não altera,OK
2026-01-15,rendimento,RENDIMENTO,CREDITO,VILG11,FII VINCI LG,BANCO BTG PACTUAL S.A.,1,0.74,0.74,aumenta,sem alteração,não altera,OK
2026-01-15,rendimento,RENDIMENTO,CREDITO,XPCI11,XP CREDITO IMOBILIÁRIO - FDO INV IMOB,BANCO BTG PACTUAL S.A.,1,0.88,0.88,aumenta,sem alteração,não altera,OK
2026-01-14,dividendo,DIVIDENDO,CREDITO,BMEB4,BCO MERCANTIL DO BRASIL S.A.,BANCO BTG PACTUAL S.A.,1,1.826,1.82,aumenta,sem alteração,não altera,OK
2026-01-14,juros sobre capital próprio,JCP,CREDITO,EMBJ3,EMBRAER S.A.,BANCO BTG PACTUAL S.A.,1,0.11,0.1,aumenta,sem alteração,não altera,OK
2026-01-14,rendimento,RENDIMENTO,CREDITO,KNCA11,KINEA CRÉDITO AGRO FIAGRO-IMOBILIÁRIO,BANCO BTG PACTUAL S.A.,1,1.2,1.2,aumenta,sem alteração,não altera,OK
2026-01-14,rendimento,RENDIMENTO,CREDITO,KNCA11,KINEA CRÉDITO AGRO FIAGRO-IMOBILIÁRIO,NU INVEST CORRETORA DE VALORES S.A.,4,1.2,4.8,aumenta,sem alteração,não altera,OK
2026-01-14,rendimento,RENDIMENTO,CREDITO,KNCR11,KINEA RENDIMENTOS IMOBILIÁRIOS FDO INV IMOB - FII,BANCO BTG PACTUAL S.A.,1,1.3,1.3,aumenta,sem alteração,não altera,OK
2026-01-14,rendimento,RENDIMENTO,CREDITO,KNSC11,KINEA SECURITIES FUNDO DE INVESTIMENTO IMOBILIARIO RESP LIMITADA,BANCO BTG PACTUAL S.A.,10,0.09,0.9,aumenta,sem alteração,não altera,OK
2026-01-14,rendimento,RENDIMENTO,CREDITO,KNSC11,KINEA SECURITIES FUNDO DE INVESTIMENTO IMOBILIARIO RESP LIMITADA,NU INVEST CORRETORA DE VALORES S.A.,550,0.09,49.5,aumenta,sem alteração,não altera,OK
2026-01-12,rendimento,RENDIMENTO,CREDITO,HABT11,HABITAT RECEBÍVEIS PULVERIZADOS - FII,BANCO BTG PACTUAL S.A.,1,0.95,0.95,aumenta,sem alteração,não altera,OK
2026-01-12,rendimento,RENDIMENTO,CREDITO,HABT11,HABITAT RECEBÍVEIS PULVERIZADOS - FII,NU INVEST CORRETORA DE VALORES S.A.,24,0.95,22.8,aumenta,sem alteração,não altera,OK
2026-01-09,rendimento,RENDIMENTO,CREDITO,PATL11,PÁTRIA LOGÍSTICA FUNDO DE INVESTIMENTO IMOBILIÁRIO,BANCO BTG PACTUAL S.A.,1,0.7,0.7,aumenta,sem alteração,não altera,OK
2026-01-08,rendimento,RENDIMENTO,CREDITO,HTMX11,FDO INV IMOB - FII HOTEL MAXINVEST,NU INVEST CORRETORA DE VALORES S.A.,7,1.25,8.75,aumenta,sem alteração,não altera,OK
2026-01-07,dividendo,DIVIDENDO,CREDITO,VALE3,VALE S.A.,GENIAL INSTITUCIONAL CCTVM S.A.,3,1.244,3.73,aumenta,sem alteração,não altera,OK
2026-01-02,juros sobre capital próprio,JCP,CREDITO,ITSA4,ITAUSA S.A.,BANCO BTG PACTUAL S.A.,5,0.024,0.1,aumenta,sem alteração,não altera,OK
2026-01-02,juros sobre capital próprio,JCP,CREDITO,ITUB4,ITAU UNIBANCO HOLDING S.A,BANCO BTG PACTUAL S.A.,1,0.018,0.01,aumenta,sem alteração,não altera,OK
2025-12-30,dividendo,DIVIDENDO,CREDITO,CMIG4,CIA. ENERGETICA DE MINAS GERAIS- CEMIG,BANCO BTG PACTUAL S.A.,4,0.146,0.58,aumenta,sem alteração,não altera,OK
2025-12-30,resgate,RESGATE,CREDITO,CPLE7,COMPANHIA PARANAENSE DE ENERGIA-COPEL,BANCO BTG PACTUAL S.A.,4,0.775,3.09,aumenta,reduz posição,não altera para posição remanescente,OK
2025-12-30,dividendo,DIVIDENDO,CREDITO,TIMS3,TIM S.A.,BANCO BTG PACTUAL S.A.,2,0.749,1.49,aumenta,sem alteração,não altera,OK
2025-12-30,dividendo,DIVIDENDO,CREDITO,VULC3,VULCABRAS S.A.,BANCO BTG PACTUAL S.A.,2,0.65,1.3,aumenta,sem alteração,não altera,OK
2025-12-29,rendimento,RENDIMENTO,CREDITO,BCIA11,BRADESCO CARTEIRA IMOBILIARIA ATIVA FUNDO DE FUNDOS DE INVESTIMENTO IMOBILIARIO FII,NU INVEST CORRETORA DE VALORES S.A.,4,0.86,3.44,aumenta,sem alteração,não altera,OK
2025-12-29,dividendo,DIVIDENDO,CREDITO,VULC3,VULCABRAS S.A.,BANCO BTG PACTUAL S.A.,2,0.125,0.25,aumenta,sem alteração,não altera,OK
2025-12-26,dividendo,DIVIDENDO,CREDITO,CSMG3,CIA SANEAMENTO DE MINAS GERAIS-COPASA MG,BANCO BTG PACTUAL S.A.,2,0.37,0.73,aumenta,sem alteração,não altera,OK
2025-12-23,juros sobre capital próprio,JCP,CREDITO,SLCE3,SLC AGRICOLA S.A.,BANCO BTG PACTUAL S.A.,3,0.045,0.12,aumenta,sem alteração,não altera,OK
2025-12-23,rendimento,RENDIMENTO,CREDITO,SNAG11,SUNO AGRO - FIAGRO-IMOBILIARIO,NU INVEST CORRETORA DE VALORES S.A.,40,0.13,5.2,aumenta,sem alteração,não altera,OK
2025-12-22,dividendo,DIVIDENDO,CREDITO,EMBJ3,EMBRAER S.A.,BANCO BTG PACTUAL S.A.,1,0.111,0.11,aumenta,sem alteração,não altera,OK
2025-12-22,rendimento,RENDIMENTO,CREDITO,RBRX11,RBR PLUS MULTIESTRATÉGIA REAL ESTATE FII,NU INVEST CORRETORA DE VALORES S.A.,49,0.09,4.41,aumenta,sem alteração,não altera,OK
2025-12-22,dividendo,DIVIDENDO,CREDITO,SLCE3,SLC AGRICOLA S.A.,BANCO BTG PACTUAL S.A.,3,0.861,2.58,aumenta,sem alteração,não altera,OK
2025-12-19,dividendo,DIVIDENDO,CREDITO,CEBR5,CIA ENERGETICA DE BRASILIA,BANCO BTG PACTUAL S.A.,2,1.666,3.33,aumenta,sem alteração,não altera,OK
2025-12-19,dividendo,DIVIDENDO,CREDITO,ITSA4,ITAUSA S.A.,BANCO BTG PACTUAL S.A.,5,0.775,3.87,aumenta,sem alteração,não altera,OK
2025-12-19,dividendo,DIVIDENDO,CREDITO,ITUB4,ITAU UNIBANCO HOLDING S.A.,BANCO BTG PACTUAL S.A.,1,1.868,1.86,aumenta,sem alteração,não altera,OK
2025-12-19,rendimento,RENDIMENTO,CREDITO,RZAK11,RIZA AKIN FDO. INV. IMOB. FII,BANCO BTG PACTUAL S.A.,1,1.1,1.1,aumenta,sem alteração,não altera,OK
2025-12-19,rendimento,RENDIMENTO,CREDITO,RZAK11,RIZA AKIN FDO. INV. IMOB. FII,NU INVEST CORRETORA DE VALORES S.A.,5,1.1,5.5,aumenta,sem alteração,não altera,OK
2025-12-17,rendimento,RENDIMENTO,CREDITO,CPTS11,CAPITANIA SECURITIES II FUNDO DE INVESTIMENTO IMOBILIARIO RESPONSABILIDADE LIMITADA,BANCO BTG PACTUAL S.A.,10,0.09,0.9,aumenta,sem alteração,não altera,OK
2025-12-17,rendimento,RENDIMENTO,CREDITO,CPTS11,CAPITANIA SECURITIES II FUNDO DE INVESTIMENTO IMOBILIARIO RESPONSABILIDADE LIMITADA,NU INVEST CORRETORA DE VALORES S.A.,274,0.09,24.66,aumenta,sem alteração,não altera,OK
2025-12-16,rendimento,RENDIMENTO,CREDITO,CXAG11,FUNDO DE INVESTIMENTO IMOBILIÁRIO CAIXA AGÊNCIAS,BANCO BTG PACTUAL S.A.,1,0.72,0.72,aumenta,sem alteração,não altera,OK
2025-12-16,dividendo,DIVIDENDO,CREDITO,UNIP3,UNIPAR CARBOCLORO S.A.,BANCO BTG PACTUAL S.A.,1,5.482,5.48,aumenta,sem alteração,não altera,OK
2025-12-16,dividendo,DIVIDENDO,CREDITO,UNIP3,UNIPAR CARBOCLORO S.A.,BANCO BTG PACTUAL S.A.,1,0.406,0.4,aumenta,sem alteração,não altera,OK
2025-12-15,rendimento,RENDIMENTO,CREDITO,CCME11,CANUMA CAPITAL MULTIESTRATÉGIA FDO DE INV IMOB,BANCO BTG PACTUAL S.A.,6,0.084,0.5,aumenta,sem alteração,não altera,OK
2025-12-15,dividendo,DIVIDENDO,CREDITO,VULC3,VULCABRAS S.A.,BANCO BTG PACTUAL S.A.,2,2.2,4.4,aumenta,sem alteração,não altera,OK
2025-12-12,juros sobre capital próprio,JCP,CREDITO,BBAS3,BANCO DO BRASIL S.A.,BANCO BTG PACTUAL S.A.,2,0.046,0.08,aumenta,sem alteração,não altera,OK
2025-12-12,rendimento,RENDIMENTO,CREDITO,BBGO11,BB FUNDO DE INVESTIMENTO DE CREDITO FIAGRO IMOBILIARIO RESPONSABILIDADE LIMITADA,NU INVEST CORRETORA DE VALORES S.A.,5,0.9,4.5,aumenta,sem alteração,não altera,OK
2025-12-12,rendimento,RENDIMENTO,CREDITO,BRCR11,FDO INV IMOB - FII BTG PACTUAL CORP. OFFICE FUND,BANCO BTG PACTUAL S.A.,1,0.41,0.41,aumenta,sem alteração,não altera,OK
2025-12-12,rendimento,RENDIMENTO,CREDITO,HABT11,HABITAT RECEBÍVEIS PULVERIZADOS - FII,BANCO BTG PACTUAL S.A.,1,0.95,0.95,aumenta,sem alteração,não altera,OK
2025-12-12,rendimento,RENDIMENTO,CREDITO,HABT11,HABITAT RECEBÍVEIS PULVERIZADOS - FII,NU INVEST CORRETORA DE VALORES S.A.,24,0.95,22.8,aumenta,sem alteração,não altera,OK
2025-12-12,rendimento,RENDIMENTO,CREDITO,HGBS11,HEDGE BRASIL SHOPPING FDO INV IMOB,BANCO BTG PACTUAL S.A.,3,0.15,0.45,aumenta,sem alteração,não altera,OK
2025-12-12,rendimento,RENDIMENTO,CREDITO,HGBS11,HEDGE BRASIL SHOPPING FDO INV IMOB,NU INVEST CORRETORA DE VALORES S.A.,58,0.15,8.7,aumenta,sem alteração,não altera,OK
2025-12-12,rendimento,RENDIMENTO,CREDITO,HGCR11,PATRIA RECEBIVEIS IMOBILIARIOS - FIM- RESPONSABILIDADE LIMIT,NU INVEST CORRETORA DE VALORES S.A.,21,1,21,aumenta,sem alteração,não altera,OK
2025-12-12,rendimento,RENDIMENTO,CREDITO,JSRE11,JS REAL ESTATE MULTIGESTÃO - FII,BANCO BTG PACTUAL S.A.,1,0.48,0.48,aumenta,sem alteração,não altera,OK
2025-12-12,rendimento,RENDIMENTO,CREDITO,JURO11,SPARTA INFRA FIC FI INFRA RENDA FIXA CP,BANCO BTG PACTUAL S.A.,1,1,1,aumenta,sem alteração,não altera,OK
2025-12-12,rendimento,RENDIMENTO,CREDITO,MXRF11,MAXI RENDA FDO INV IMOB - FII,BANCO BTG PACTUAL S.A.,10,0.1,1,aumenta,sem alteração,não altera,OK
2025-12-12,rendimento,RENDIMENTO,CREDITO,MXRF11,MAXI RENDA FDO INV IMOB - FII,NU INVEST CORRETORA DE VALORES S.A.,40,0.1,4,aumenta,sem alteração,não altera,OK
2025-12-12,rendimento,RENDIMENTO,CREDITO,RZAG11,FDO INV CADEIAS PROD AGRO RIZA AGRO FIAGRO IMOB,BANCO BTG PACTUAL S.A.,6,0.125,0.75,aumenta,sem alteração,não altera,OK
2025-12-12,rendimento,RENDIMENTO,CREDITO,TEPP11,TELLUS PROPERTIES - FDO INV. IMOB,BANCO BTG PACTUAL S.A.,10,0.074,0.74,aumenta,sem alteração,não altera,OK
2025-12-12,rendimento,RENDIMENTO,CREDITO,TEPP11,TELLUS PROPERTIES - FDO INV. IMOB,NU INVEST CORRETORA DE VALORES S.A.,50,0.074,3.7,aumenta,sem alteração,não altera,OK
2025-12-12,rendimento,RENDIMENTO,CREDITO,TGAR11,FUNDO DE INVESTIMENTO IMOBILIARIO TG ATIVO REAL,NU INVEST CORRETORA DE VALORES S.A.,22,1,22,aumenta,sem alteração,não altera,OK
2025-12-12,rendimento,RENDIMENTO,CREDITO,TRXF11,TRX REAL ESTATE FDO. INV. IMOB. - FII,BANCO BTG PACTUAL S.A.,1,0.93,0.93,aumenta,sem alteração,não altera,OK
2025-12-12,rendimento,RENDIMENTO,CREDITO,VILG11,FII VINCI LG,BANCO BTG PACTUAL S.A.,1,0.72,0.72,aumenta,sem alteração,não altera,OK
2025-12-12,juros sobre capital próprio,JCP,CREDITO,WEGE3,WEG S.A.,BANCO BTG PACTUAL S.A.,1,0.111,0.1,aumenta,sem alteração,não altera,OK
2025-12-12,dividendo,DIVIDENDO,CREDITO,WEGE3,WEG S.A.,BANCO BTG PACTUAL S.A.,1,0.342,0.34,aumenta,sem alteração,não altera,OK
2025-12-12,juros sobre capital próprio,JCP,CREDITO,WEGE3,WEG S.A.,BANCO BTG PACTUAL S.A.,1,0.11,0.1,aumenta,sem alteração,não altera,OK
2025-12-12,rendimento,RENDIMENTO,CREDITO,XPCI11,XP CREDITO IMOBILIÁRIO - FDO INV IMOB,BANCO BTG PACTUAL S.A.,1,0.9,0.9,aumenta,sem alteração,não altera,OK
2025-12-11,rendimento,RENDIMENTO,CREDITO,KNCA11,KINEA CRÉDITO AGRO FIAGRO-IMOBILIÁRIO,BANCO BTG PACTUAL S.A.,1,1.01,1.01,aumenta,sem alteração,não altera,OK
2025-12-11,rendimento,RENDIMENTO,CREDITO,KNCA11,KINEA CRÉDITO AGRO FIAGRO-IMOBILIÁRIO,NU INVEST CORRETORA DE VALORES S.A.,4,1.01,4.04,aumenta,sem alteração,não altera,OK
2025-12-11,rendimento,RENDIMENTO,CREDITO,KNCR11,KINEA RENDIMENTOS IMOBILIÁRIOS FDO INV IMOB - FII,BANCO BTG PACTUAL S.A.,1,1.11,1.11,aumenta,sem alteração,não altera,OK
2025-12-11,rendimento,RENDIMENTO,CREDITO,KNSC11,KINEA SECURITIES FUNDO DE INVESTIMENTO IMOBILIARIO RESP LIMITADA,BANCO BTG PACTUAL S.A.,10,0.09,0.9,aumenta,sem alteração,não altera,OK
2025-12-11,rendimento,RENDIMENTO,CREDITO,KNSC11,KINEA SECURITIES FUNDO DE INVESTIMENTO IMOBILIARIO RESP LIMITADA,NU INVEST CORRETORA DE VALORES S.A.,550,0.09,49.5,aumenta,sem alteração,não altera,OK
2025-12-08,rendimento,RENDIMENTO,CREDITO,PATL11,PÁTRIA LOGÍSTICA FUNDO DE INVESTIMENTO IMOBILIÁRIO,BANCO BTG PACTUAL S.A.,1,0.57,0.57,aumenta,sem alteração,não altera,OK
2025-12-05,rendimento,RENDIMENTO,CREDITO,HTMX11,FDO INV IMOB - FII HOTEL MAXINVEST,NU INVEST CORRETORA DE VALORES S.A.,7,1.8,12.6,aumenta,sem alteração,não altera,OK
2025-12-01,juros sobre capital próprio,JCP,CREDITO,ITUB4,ITAU UNIBANCO HOLDING S.A.,BANCO BTG PACTUAL S.A.,1,0.018,0.01,aumenta,sem alteração,não altera,OK
2025-12-01,dividendo,DIVIDENDO,CREDITO,VULC3,VULCABRAS S.A.,BANCO BTG PACTUAL S.A.,2,0.125,0.25,aumenta,sem alteração,não altera,OK
2025-11-28,dividendo,DIVIDENDO,CREDITO,AGRO3,BRASILAGRO CIA BRASILEIRA DE PROP AGRICOLAS,BANCO BTG PACTUAL S.A.,2,0.753,1.5,aumenta,sem alteração,não altera,OK
2025-11-28,rendimento,RENDIMENTO,CREDITO,BCIA11,BRADESCO CARTEIRA IMOBILIARIA ATIVA FUNDO DE FUNDOS DE INVESTIMENTO IMOBILIARIO FII,NU INVEST CORRETORA DE VALORES S.A.,4,0.86,3.44,aumenta,sem alteração,não altera,OK
2025-11-25,rendimento,RENDIMENTO,CREDITO,RBRX11,RBR PLUS MULTIESTRATÉGIA REAL ESTATE FII,NU INVEST CORRETORA DE VALORES S.A.,49,0.09,4.41,aumenta,sem alteração,não altera,OK
2025-11-25,rendimento,RENDIMENTO,CREDITO,SNAG11,SUNO AGRO - FIAGRO-IMOBILIARIO,NU INVEST CORRETORA DE VALORES S.A.,40,0.13,5.2,aumenta,sem alteração,não altera,OK
2025-11-24,rendimento,RENDIMENTO,CREDITO,RZAK11,RIZA AKIN FDO. INV. IMOB. FII,BANCO BTG PACTUAL S.A.,1,1.1,1.1,aumenta,sem alteração,não altera,OK
2025-11-24,rendimento,RENDIMENTO,CREDITO,RZAK11,RIZA AKIN FDO. INV. IMOB. FII,NU INVEST CORRETORA DE VALORES S.A.,5,1.1,5.5,aumenta,sem alteração,não altera,OK
2025-11-19,rendimento,RENDIMENTO,CREDITO,CPTS11,CAPITANIA SECURITIES II FUNDO DE INVESTIMENTO IMOBILIARIO RESPONSABILIDADE LIMITADA,BANCO BTG PACTUAL S.A.,10,0.09,0.9,aumenta,sem alteração,não altera,OK
2025-11-19,rendimento,RENDIMENTO,CREDITO,CPTS11,CAPITANIA SECURITIES II FUNDO DE INVESTIMENTO IMOBILIARIO RESPONSABILIDADE LIMITADA,NU INVEST CORRETORA DE VALORES S.A.,274,0.09,24.66,aumenta,sem alteração,não altera,OK
2025-11-18,rendimento,RENDIMENTO,CREDITO,CXAG11,FUNDO DE INVESTIMENTO IMOBILIÁRIO CAIXA AGÊNCIAS,BANCO BTG PACTUAL S.A.,1,0.7,0.7,aumenta,sem alteração,não altera,OK
2025-11-17,rendimento,RENDIMENTO,CREDITO,CCME11,CANUMA CAPITAL MULTIESTRATÉGIA FDO DE INV IMOB,BANCO BTG PACTUAL S.A.,6,0.084,0.5,aumenta,sem alteração,não altera,OK
2025-11-14,rendimento,RENDIMENTO,CREDITO,BBGO11,BB FUNDO DE INVESTIMENTO DE CREDITO FIAGRO IMOBILIARIO RESPONSABILIDADE LIMITADA,NU INVEST CORRETORA DE VALORES S.A.,5,0.9,4.5,aumenta,sem alteração,não altera,OK
2025-11-14,rendimento,RENDIMENTO,CREDITO,BRCR11,FDO INV IMOB - FII BTG PACTUAL CORP. OFFICE FUND,BANCO BTG PACTUAL S.A.,1,0.41,0.41,aumenta,sem alteração,não altera,OK
2025-11-14,rendimento,RENDIMENTO,CREDITO,HGBS11,HEDGE BRASIL SHOPPING FDO INV IMOB,BANCO BTG PACTUAL S.A.,3,0.15,0.45,aumenta,sem alteração,não altera,OK
2025-11-14,rendimento,RENDIMENTO,CREDITO,HGBS11,HEDGE BRASIL SHOPPING FDO INV IMOB,NU INVEST CORRETORA DE VALORES S.A.,58,0.15,8.7,aumenta,sem alteração,não altera,OK
2025-11-14,rendimento,RENDIMENTO,CREDITO,HGCR11,PATRIA RECEBIVEIS IMOBILIARIOS - FIM- RESPONSABILIDADE LIMIT,NU INVEST CORRETORA DE VALORES S.A.,21,1,21,aumenta,sem alteração,não altera,OK
2025-11-14,rendimento,RENDIMENTO,CREDITO,JSRE11,JS REAL ESTATE MULTIGESTÃO - FII,BANCO BTG PACTUAL S.A.,1,0.48,0.48,aumenta,sem alteração,não altera,OK
2025-11-14,rendimento,RENDIMENTO,CREDITO,JURO11,SPARTA INFRA FIC FI INFRA RENDA FIXA CP,BANCO BTG PACTUAL S.A.,1,1,1,aumenta,sem alteração,não altera,OK
2025-11-14,rendimento,RENDIMENTO,CREDITO,MXRF11,MAXI RENDA FDO INV IMOB - FII,BANCO BTG PACTUAL S.A.,10,0.1,1,aumenta,sem alteração,não altera,OK
2025-11-14,rendimento,RENDIMENTO,CREDITO,MXRF11,MAXI RENDA FDO INV IMOB - FII,NU INVEST CORRETORA DE VALORES S.A.,40,0.1,4,aumenta,sem alteração,não altera,OK
2025-11-14,rendimento,RENDIMENTO,CREDITO,RZAG11,FDO INV CADEIAS PROD AGRO RIZA AGRO FIAGRO IMOB,BANCO BTG PACTUAL S.A.,6,0.125,0.75,aumenta,sem alteração,não altera,OK
2025-11-14,rendimento,RENDIMENTO,CREDITO,TEPP11,TELLUS PROPERTIES - FDO INV. IMOB,BANCO BTG PACTUAL S.A.,1,0.74,0.74,aumenta,sem alteração,não altera,OK
2025-11-14,rendimento,RENDIMENTO,CREDITO,TEPP11,TELLUS PROPERTIES - FDO INV. IMOB,NU INVEST CORRETORA DE VALORES S.A.,5,0.74,3.7,aumenta,sem alteração,não altera,OK
2025-11-14,rendimento,RENDIMENTO,CREDITO,TGAR11,FUNDO DE INVESTIMENTO IMOBILIARIO TG ATIVO REAL,NU INVEST CORRETORA DE VALORES S.A.,22,1,22,aumenta,sem alteração,não altera,OK
2025-11-14,rendimento,RENDIMENTO,CREDITO,TRXF11,TRX REAL ESTATE FDO. INV. IMOB. - FII,BANCO BTG PACTUAL S.A.,1,0.93,0.93,aumenta,sem alteração,não altera,OK
2025-11-14,rendimento,RENDIMENTO,CREDITO,VILG11,FII VINCI LG,BANCO BTG PACTUAL S.A.,1,0.72,0.72,aumenta,sem alteração,não altera,OK
2025-11-14,rendimento,RENDIMENTO,CREDITO,XPCI11,XP CREDITO IMOBILIÁRIO - FDO INV IMOB,BANCO BTG PACTUAL S.A.,1,0.9,0.9,aumenta,sem alteração,não altera,OK
2025-11-13,rendimento,RENDIMENTO,CREDITO,KNCA11,KINEA CRÉDITO AGRO FIAGRO-IMOBILIÁRIO,BANCO BTG PACTUAL S.A.,1,1.15,1.15,aumenta,sem alteração,não altera,OK
2025-11-13,rendimento,RENDIMENTO,CREDITO,KNCA11,KINEA CRÉDITO AGRO FIAGRO-IMOBILIÁRIO,NU INVEST CORRETORA DE VALORES S.A.,4,1.15,4.6,aumenta,sem alteração,não altera,OK
2025-11-13,rendimento,RENDIMENTO,CREDITO,KNCR11,KINEA RENDIMENTOS IMOBILIÁRIOS FDO INV IMOB - FII,BANCO BTG PACTUAL S.A.,1,1.33,1.33,aumenta,sem alteração,não altera,OK
2025-11-13,rendimento,RENDIMENTO,CREDITO,KNSC11,KINEA SECURITIES FUNDO DE INVESTIMENTO IMOBILIARIO RESP LIMITADA,BANCO BTG PACTUAL S.A.,10,0.09,0.9,aumenta,sem alteração,não altera,OK
2025-11-13,rendimento,RENDIMENTO,CREDITO,KNSC11,KINEA SECURITIES FUNDO DE INVESTIMENTO IMOBILIARIO RESP LIMITADA,NU INVEST CORRETORA DE VALORES S.A.,550,0.09,49.5,aumenta,sem alteração,não altera,OK
2025-11-12,rendimento,RENDIMENTO,CREDITO,HABT11,HABITAT RECEBÍVEIS PULVERIZADOS - FII,BANCO BTG PACTUAL S.A.,1,0.95,0.95,aumenta,sem alteração,não altera,OK
2025-11-12,rendimento,RENDIMENTO,CREDITO,HABT11,HABITAT RECEBÍVEIS PULVERIZADOS - FII,NU INVEST CORRETORA DE VALORES S.A.,24,0.95,22.8,aumenta,sem alteração,não altera,OK
2025-11-10,rendimento,RENDIMENTO,CREDITO,PATL11,PÁTRIA LOGÍSTICA FUNDO DE INVESTIMENTO IMOBILIÁRIO,BANCO BTG PACTUAL S.A.,1,0.57,0.57,aumenta,sem alteração,não altera,OK
2025-11-07,rendimento,RENDIMENTO,CREDITO,HTMX11,FDO INV IMOB - FII HOTEL MAXINVEST,NU INVEST CORRETORA DE VALORES S.A.,7,1.56,10.92,aumenta,sem alteração,não altera,OK
2025-11-03,juros sobre capital próprio,JCP,CREDITO,ITUB4,ITAU UNIBANCO HOLDING S.A.,BANCO BTG PACTUAL S.A.,1,0.018,0.01,aumenta,sem alteração,não altera,OK
2025-11-03,dividendo,DIVIDENDO,CREDITO,VULC3,VULCABRAS S.A.,BANCO BTG PACTUAL S.A.,2,0.125,0.25,aumenta,sem alteração,não altera,OK
2025-10-28,rendimento,RENDIMENTO,CREDITO,BCIA11,BRADESCO CARTEIRA IMOBILIARIA ATIVA FUNDO DE FUNDOS DE INVESTIMENTO IMOBILIARIO FII,NU INVEST CORRETORA DE VALORES S.A.,4,0.84,3.36,aumenta,sem alteração,não altera,OK
2025-10-24,rendimento,RENDIMENTO,CREDITO,SNAG11,SUNO AGRO - FIAGRO-IMOBILIARIO,NU INVEST CORRETORA DE VALORES S.A.,40,0.12,4.8,aumenta,sem alteração,não altera,OK
2025-10-22,rendimento,RENDIMENTO,CREDITO,RBRX11,RBR PLUS MULTIESTRATÉGIA REAL ESTATE FII,NU INVEST CORRETORA DE VALORES S.A.,49,0.09,4.41,aumenta,sem alteração,não altera,OK
2025-10-21,rendimento,RENDIMENTO,CREDITO,RZAK11,RIZA AKIN FDO. INV. IMOB. FII,BANCO BTG PACTUAL S.A.,1,1.1,1.1,aumenta,sem alteração,não altera,OK
2025-10-21,rendimento,RENDIMENTO,CREDITO,RZAK11,RIZA AKIN FDO. INV. IMOB. FII,NU INVEST CORRETORA DE VALORES S.A.,5,1.1,5.5,aumenta,sem alteração,não altera,OK
2025-10-17,rendimento,RENDIMENTO,CREDITO,CPTS11,CAPITANIA SECURITIES II FUNDO DE INVESTIMENTO IMOBILIARIO RESPONSABILIDADE LIMITADA,BANCO BTG PACTUAL S.A.,10,0.09,0.9,aumenta,sem alteração,não altera,OK
2025-10-17,rendimento,RENDIMENTO,CREDITO,CPTS11,CAPITANIA SECURITIES II FUNDO DE INVESTIMENTO IMOBILIARIO RESPONSABILIDADE LIMITADA,NU INVEST CORRETORA DE VALORES S.A.,274,0.09,24.66,aumenta,sem alteração,não altera,OK
2025-10-16,rendimento,RENDIMENTO,CREDITO,CXAG11,FUNDO DE INVESTIMENTO IMOBILIÁRIO CAIXA AGÊNCIAS,BANCO BTG PACTUAL S.A.,1,0.7,0.7,aumenta,sem alteração,não altera,OK
2025-10-15,rendimento,RENDIMENTO,CREDITO,CCME11,CANUMA CAPITAL MULTIESTRATÉGIA FDO DE INV IMOB,BANCO BTG PACTUAL S.A.,6,0.084,0.5,aumenta,sem alteração,não altera,OK
2025-10-14,rendimento,RENDIMENTO,CREDITO,BBGO11,BB FUNDO DE INVESTIMENTO DE CREDITO FIAGRO IMOBILIARIO RESPONSABILIDADE LIMITADA,NU INVEST CORRETORA DE VALORES S.A.,5,0.9,4.5,aumenta,sem alteração,não altera,OK
2025-10-14,rendimento,RENDIMENTO,CREDITO,BRCR11,FDO INV IMOB - FII BTG PACTUAL CORP. OFFICE FUND,BANCO BTG PACTUAL S.A.,1,0.41,0.41,aumenta,sem alteração,não altera,OK
2025-10-14,rendimento,RENDIMENTO,CREDITO,HGBS11,HEDGE BRASIL SHOPPING FDO INV IMOB,BANCO BTG PACTUAL S.A.,3,0.15,0.45,aumenta,sem alteração,não altera,OK
2025-10-14,rendimento,RENDIMENTO,CREDITO,HGBS11,HEDGE BRASIL SHOPPING FDO INV IMOB,NU INVEST CORRETORA DE VALORES S.A.,58,0.15,8.7,aumenta,sem alteração,não altera,OK
2025-10-14,rendimento,RENDIMENTO,CREDITO,HGCR11,PATRIA RECEBIVEIS IMOBILIARIOS - FIM- RESPONSABILIDADE LIMIT,NU INVEST CORRETORA DE VALORES S.A.,21,1.05,22.05,aumenta,sem alteração,não altera,OK
2025-10-14,rendimento,RENDIMENTO,CREDITO,JSRE11,JS REAL ESTATE MULTIGESTÃO - FII,BANCO BTG PACTUAL S.A.,1,0.48,0.48,aumenta,sem alteração,não altera,OK
2025-10-14,rendimento,RENDIMENTO,CREDITO,JURO11,SPARTA INFRA FIC FI INFRA RENDA FIXA CP,BANCO BTG PACTUAL S.A.,1,1,1,aumenta,sem alteração,não altera,OK
2025-10-14,rendimento,RENDIMENTO,CREDITO,MXRF11,MAXI RENDA FDO INV IMOB - FII,BANCO BTG PACTUAL S.A.,10,0.1,1,aumenta,sem alteração,não altera,OK
2025-10-14,rendimento,RENDIMENTO,CREDITO,MXRF11,MAXI RENDA FDO INV IMOB - FII,NU INVEST CORRETORA DE VALORES S.A.,40,0.1,4,aumenta,sem alteração,não altera,OK
2025-10-14,rendimento,RENDIMENTO,CREDITO,RZAG11,FDO INV CADEIAS PROD AGRO RIZA AGRO FIAGRO IMOB,BANCO BTG PACTUAL S.A.,6,0.125,0.75,aumenta,sem alteração,não altera,OK
2025-10-14,rendimento,RENDIMENTO,CREDITO,TEPP11,TELLUS PROPERTIES - FDO INV. IMOB,BANCO BTG PACTUAL S.A.,1,0.74,0.74,aumenta,sem alteração,não altera,OK
2025-10-14,rendimento,RENDIMENTO,CREDITO,TEPP11,TELLUS PROPERTIES - FDO INV. IMOB,NU INVEST CORRETORA DE VALORES S.A.,5,0.74,3.7,aumenta,sem alteração,não altera,OK
2025-10-14,rendimento,RENDIMENTO,CREDITO,TGAR11,FUNDO DE INVESTIMENTO IMOBILIARIO TG ATIVO REAL,NU INVEST CORRETORA DE VALORES S.A.,22,1,22,aumenta,sem alteração,não altera,OK
2025-10-14,rendimento,RENDIMENTO,CREDITO,TRXF11,TRX REAL ESTATE FDO. INV. IMOB. - FII,BANCO BTG PACTUAL S.A.,1,0.93,0.93,aumenta,sem alteração,não altera,OK
2025-10-14,rendimento,RENDIMENTO,CREDITO,VILG11,FII VINCI LG,BANCO BTG PACTUAL S.A.,1,0.72,0.72,aumenta,sem alteração,não altera,OK
2025-10-14,rendimento,RENDIMENTO,CREDITO,XPCI11,XP CREDITO IMOBILIÁRIO - FDO INV IMOB,BANCO BTG PACTUAL S.A.,1,0.92,0.92,aumenta,sem alteração,não altera,OK
2025-10-13,rendimento,RENDIMENTO,CREDITO,KNCA11,KINEA CRÉDITO AGRO FIAGRO-IMOBILIÁRIO,BANCO BTG PACTUAL S.A.,1,1.15,1.15,aumenta,sem alteração,não altera,OK
2025-10-13,rendimento,RENDIMENTO,CREDITO,KNCA11,KINEA CRÉDITO AGRO FIAGRO-IMOBILIÁRIO,NU INVEST CORRETORA DE VALORES S.A.,4,1.15,4.6,aumenta,sem alteração,não altera,OK
2025-10-13,rendimento,RENDIMENTO,CREDITO,KNCR11,KINEA RENDIMENTOS IMOBILIÁRIOS FDO INV IMOB - FII,BANCO BTG PACTUAL S.A.,1,1.35,1.35,aumenta,sem alteração,não altera,OK
2025-10-13,rendimento,RENDIMENTO,CREDITO,KNSC11,KINEA SECURITIES FUNDO DE INVESTIMENTO IMOBILIARIO RESP LIMITADA,BANCO BTG PACTUAL S.A.,10,0.1,1,aumenta,sem alteração,não altera,OK
2025-10-13,rendimento,RENDIMENTO,CREDITO,KNSC11,KINEA SECURITIES FUNDO DE INVESTIMENTO IMOBILIARIO RESP LIMITADA,NU INVEST CORRETORA DE VALORES S.A.,550,0.1,55,aumenta,sem alteração,não altera,OK
2025-10-10,rendimento,RENDIMENTO,CREDITO,HABT11,HABITAT RECEBÍVEIS PULVERIZADOS - FII,BANCO BTG PACTUAL S.A.,1,0.95,0.95,aumenta,sem alteração,não altera,OK
2025-10-10,rendimento,RENDIMENTO,CREDITO,HABT11,HABITAT RECEBÍVEIS PULVERIZADOS - FII,NU INVEST CORRETORA DE VALORES S.A.,24,0.95,22.8,aumenta,sem alteração,não altera,OK
2025-10-08,rendimento,RENDIMENTO,CREDITO,PATL11,PÁTRIA LOGÍSTICA FUNDO DE INVESTIMENTO IMOBILIÁRIO,BANCO BTG PACTUAL S.A.,1,0.57,0.57,aumenta,sem alteração,não altera,OK
2025-10-07,rendimento,RENDIMENTO,CREDITO,HTMX11,FDO INV IMOB - FII HOTEL MAXINVEST,NU INVEST CORRETORA DE VALORES S.A.,7,1.56,10.92,aumenta,sem alteração,não altera,OK
2025-09-30,resgate,APLICACAO,CREDITO,CDB,CDB925FES7W - BANCO BTG PACTUAL S.A.,BANCO BTG PACTUAL S.A.,2,500,1000,aumenta,reduz posição,não altera para posição remanescente,OK
2025-09-26,rendimento,RENDIMENTO,CREDITO,BCIA11,BRADESCO CARTEIRA IMOBILIARIA ATIVA FUNDO DE FUNDOS DE INVESTIMENTO IMOBILIARIO FII,NU INVEST CORRETORA DE VALORES S.A.,4,0.84,3.36,aumenta,sem alteração,não altera,OK
2025-09-25,rendimento,RENDIMENTO,CREDITO,SNAG11,SUNO AGRO - FIAGRO-IMOBILIARIO,NU INVEST CORRETORA DE VALORES S.A.,40,0.12,4.8,aumenta,sem alteração,não altera,OK
2025-09-22,rendimento,RENDIMENTO,CREDITO,RBRX11,RBR PLUS MULTIESTRATÉGIA REAL ESTATE FII,NU INVEST CORRETORA DE VALORES S.A.,49,0.09,4.41,aumenta,sem alteração,não altera,OK
2025-09-19,rendimento,RENDIMENTO,CREDITO,RZAK11,RIZA AKIN FDO. INV. IMOB. FII,NU INVEST CORRETORA DE VALORES S.A.,5,1.15,5.75,aumenta,sem alteração,não altera,OK
2025-09-17,rendimento,RENDIMENTO,CREDITO,CPTS11,CAPITANIA SECURITIES II FUNDO DE INVESTIMENTO IMOBILIARIO RESPONSABILIDADE LIMITADA,NU INVEST CORRETORA DE VALORES S.A.,274,0.085,23.29,aumenta,sem alteração,não altera,OK
2025-09-12,rendimento,RENDIMENTO,CREDITO,BBGO11,BB FDO DE INV DE CRÉDITO FIAGRO - IMOBILIÁRIO,NU INVEST CORRETORA DE VALORES S.A.,5,0.9,4.5,aumenta,sem alteração,não altera,OK
2025-09-12,rendimento,RENDIMENTO,CREDITO,HABT11,HABITAT RECEBÍVEIS PULVERIZADOS - FII,NU INVEST CORRETORA DE VALORES S.A.,24,1.05,25.2,aumenta,sem alteração,não altera,OK
2025-09-12,rendimento,RENDIMENTO,CREDITO,HGBS11,HEDGE BRASIL SHOPPING FDO INV IMOB,NU INVEST CORRETORA DE VALORES S.A.,58,0.15,8.7,aumenta,sem alteração,não altera,OK
2025-09-12,rendimento,RENDIMENTO,CREDITO,HGCR11,PATRIA RECEBIVEIS IMOBILIARIOS - FIM- RESPONSABILIDADE LIMIT,NU INVEST CORRETORA DE VALORES S.A.,21,1.05,22.05,aumenta,sem alteração,não altera,OK
2025-09-12,rendimento,RENDIMENTO,CREDITO,MXRF11,MAXI RENDA FDO INV IMOB - FII,NU INVEST CORRETORA DE VALORES S.A.,40,0.1,4,aumenta,sem alteração,não altera,OK
2025-09-12,rendimento,RENDIMENTO,CREDITO,TEPP11,TELLUS PROPERTIES - FDO INV. IMOB,NU INVEST CORRETORA DE VALORES S.A.,5,0.74,3.7,aumenta,sem alteração,não altera,OK
2025-09-12,rendimento,RENDIMENTO,CREDITO,TGAR11,FUNDO DE INVESTIMENTO IMOBILIARIO TG ATIVO REAL,NU INVEST CORRETORA DE VALORES S.A.,22,1,22,aumenta,sem alteração,não altera,OK
2025-09-11,rendimento,RENDIMENTO,CREDITO,KNCA11,KINEA CRÉDITO AGRO FIAGRO-IMOBILIÁRIO,NU INVEST CORRETORA DE VALORES S.A.,4,1,4,aumenta,sem alteração,não altera,OK
2025-09-11,rendimento,RENDIMENTO,CREDITO,KNSC11,KINEA SECURITIES FUNDO DE INVESTIMENTO IMOBILIARIO RESP LIMITADA,NU INVEST CORRETORA DE VALORES S.A.,550,0.09,49.5,aumenta,sem alteração,não altera,OK
2025-09-05,rendimento,RENDIMENTO,CREDITO,HTMX11,FDO INV IMOB - FII HOTEL MAXINVEST,NU INVEST CORRETORA DE VALORES S.A.,7,1.05,7.35,aumenta,sem alteração,não altera,OK
2025-08-28,rendimento,RENDIMENTO,CREDITO,BCIA11,BRADESCO CARTEIRA IMOBILIARIA ATIVA FUNDO DE FUNDOS DE INVESTIMENTO IMOBILIARIO FII,NU INVEST CORRETORA DE VALORES S.A.,4,0.84,3.36,aumenta,sem alteração,não altera,OK
2025-08-25,rendimento,RENDIMENTO,CREDITO,SNAG11,SUNO AGRO - FIAGRO-IMOBILIARIO,NU INVEST CORRETORA DE VALORES S.A.,40,0.11,4.4,aumenta,sem alteração,não altera,OK
2025-08-22,rendimento,RENDIMENTO,CREDITO,RBRX11,RBR PLUS MULTIESTRATÉGIA REAL ESTATE FII,NU INVEST CORRETORA DE VALORES S.A.,49,0.09,4.41,aumenta,sem alteração,não altera,OK
2025-08-21,rendimento,RENDIMENTO,CREDITO,RZAK11,RIZA AKIN FDO. INV. IMOB. FII,NU INVEST CORRETORA DE VALORES S.A.,5,1.15,5.75,aumenta,sem alteração,não altera,OK
2025-08-19,rendimento,RENDIMENTO,CREDITO,CPTS11,CAPITANIA SECURITIES II FUNDO DE INVESTIMENTO IMOBILIARIO RESPONSABILIDADE LIMITADA,NU INVEST CORRETORA DE VALORES S.A.,274,0.086,23.56,aumenta,sem alteração,não altera,OK
2025-08-14,rendimento,RENDIMENTO,CREDITO,BBGO11,BB FDO DE INV DE CRÉDITO FIAGRO - IMOBILIÁRIO,NU INVEST CORRETORA DE VALORES S.A.,5,0.9,4.5,aumenta,sem alteração,não altera,OK
2025-08-14,rendimento,RENDIMENTO,CREDITO,HGBS11,HEDGE BRASIL SHOPPING FDO INV IMOB,NU INVEST CORRETORA DE VALORES S.A.,58,0.15,8.7,aumenta,sem alteração,não altera,OK
2025-08-14,rendimento,RENDIMENTO,CREDITO,HGCR11,PATRIA RECEBIVEIS IMOBILIARIOS - FIM- RESPONSABILIDADE LIMIT,NU INVEST CORRETORA DE VALORES S.A.,21,1.05,22.05,aumenta,sem alteração,não altera,OK
2025-08-14,rendimento,RENDIMENTO,CREDITO,MXRF11,MAXI RENDA FDO INV IMOB - FII,NU INVEST CORRETORA DE VALORES S.A.,40,0.1,4,aumenta,sem alteração,não altera,OK
2025-08-14,rendimento,RENDIMENTO,CREDITO,TEPP11,TELLUS PROPERTIES - FDO INV. IMOB,NU INVEST CORRETORA DE VALORES S.A.,5,0.912,4.55,aumenta,sem alteração,não altera,OK
2025-08-14,rendimento,RENDIMENTO,CREDITO,TGAR11,FUNDO DE INVESTIMENTO IMOBILIARIO TG ATIVO REAL,NU INVEST CORRETORA DE VALORES S.A.,22,1,22,aumenta,sem alteração,não altera,OK
2025-08-13,rendimento,RENDIMENTO,CREDITO,KNCA11,KINEA CRÉDITO AGRO FIAGRO-IMOBILIÁRIO,NU INVEST CORRETORA DE VALORES S.A.,4,1.25,5,aumenta,sem alteração,não altera,OK
2025-08-13,rendimento,RENDIMENTO,CREDITO,KNSC11,KINEA SECURITIES FUNDO DE INVESTIMENTO IMOBILIARIO RESP LIMITADA,NU INVEST CORRETORA DE VALORES S.A.,550,0.1,55,aumenta,sem alteração,não altera,OK
2025-08-12,rendimento,RENDIMENTO,CREDITO,HABT11,HABITAT RECEBÍVEIS PULVERIZADOS - FII,NU INVEST CORRETORA DE VALORES S.A.,24,1.05,25.2,aumenta,sem alteração,não altera,OK
2025-08-07,rendimento,RENDIMENTO,CREDITO,HTMX11,FDO INV IMOB - FII HOTEL MAXINVEST,NU INVEST CORRETORA DE VALORES S.A.,7,1.22,8.54,aumenta,sem alteração,não altera,OK
2025-07-28,rendimento,RENDIMENTO,CREDITO,BCIA11,BRADESCO CARTEIRA IMOBILIARIA ATIVA FUNDO DE FUNDOS DE INVESTIMENTO IMOBILIARIO FII,NU INVEST CORRETORA DE VALORES S.A.,4,0.84,3.36,aumenta,sem alteração,não altera,OK
2025-07-25,rendimento,RENDIMENTO,CREDITO,SNAG11,SUNO AGRO - FIAGRO-IMOBILIARIO,NU INVEST CORRETORA DE VALORES S.A.,40,0.11,4.4,aumenta,sem alteração,não altera,OK
2025-07-22,rendimento,RENDIMENTO,CREDITO,RBRX11,RBR PLUS MULTIESTRATÉGIA REAL ESTATE FII,NU INVEST CORRETORA DE VALORES S.A.,49,0.096,4.71,aumenta,sem alteração,não altera,OK
2025-07-21,rendimento,RENDIMENTO,CREDITO,RZAK11,RIZA AKIN FDO. INV. IMOB. FII,NU INVEST CORRETORA DE VALORES S.A.,5,1.15,5.75,aumenta,sem alteração,não altera,OK
2025-07-17,rendimento,RENDIMENTO,CREDITO,CPTS11,CAPITANIA SECURITIES II FUNDO DE INVESTIMENTO IMOBILIARIO RESPONSABILIDADE LIMITADA,NU INVEST CORRETORA DE VALORES S.A.,274,0.088,24.11,aumenta,sem alteração,não altera,OK
2025-07-14,rendimento,RENDIMENTO,CREDITO,BBGO11,BB FDO DE INV DE CRÉDITO FIAGRO - IMOBILIÁRIO,NU INVEST CORRETORA DE VALORES S.A.,5,0.95,4.75,aumenta,sem alteração,não altera,OK
2025-07-14,rendimento,RENDIMENTO,CREDITO,HGBS11,HEDGE BRASIL SHOPPING FDO INV IMOB,NU INVEST CORRETORA DE VALORES S.A.,58,0.16,9.28,aumenta,sem alteração,não altera,OK
2025-07-14,rendimento,RENDIMENTO,CREDITO,HGCR11,PATRIA RECEBIVEIS IMOBILIARIOS - FIM- RESPONSABILIDADE LIMIT,NU INVEST CORRETORA DE VALORES S.A.,21,1.05,22.05,aumenta,sem alteração,não altera,OK
2025-07-14,rendimento,RENDIMENTO,CREDITO,KNCA11,KINEA CRÉDITO AGRO FIAGRO-IMOBILIÁRIO,NU INVEST CORRETORA DE VALORES S.A.,4,1.1,4.4,aumenta,sem alteração,não altera,OK
2025-07-14,rendimento,RENDIMENTO,CREDITO,KNSC11,KINEA SECURITIES FUNDO DE INVESTIMENTO IMOBILIARIO RESP LIMITADA,NU INVEST CORRETORA DE VALORES S.A.,550,0.09,49.5,aumenta,sem alteração,não altera,OK
2025-07-14,rendimento,RENDIMENTO,CREDITO,MXRF11,MAXI RENDA FDO INV IMOB - FII,NU INVEST CORRETORA DE VALORES S.A.,40,0.1,4,aumenta,sem alteração,não altera,OK
2025-07-14,rendimento,RENDIMENTO,CREDITO,TEPP11,TELLUS PROPERTIES FUNDO DE INVESTIMENTO IMOBILIARIO RESPONSABILIDADE LIMITADA,NU INVEST CORRETORA DE VALORES S.A.,5,1.1,5.5,aumenta,sem alteração,não altera,OK
2025-07-14,rendimento,RENDIMENTO,CREDITO,TGAR11,FUNDO DE INVESTIMENTO IMOBILIARIO TG ATIVO REAL,NU INVEST CORRETORA DE VALORES S.A.,22,1,22,aumenta,sem alteração,não altera,OK
2025-07-11,rendimento,RENDIMENTO,CREDITO,HABT11,HABITAT RECEBÍVEIS PULVERIZADOS - FII,NU INVEST CORRETORA DE VALORES S.A.,24,1.15,27.6,aumenta,sem alteração,não altera,OK
2025-07-07,rendimento,RENDIMENTO,CREDITO,HTMX11,FDO INV IMOB - FII HOTEL MAXINVEST,NU INVEST CORRETORA DE VALORES S.A.,7,1.5,10.5,aumenta,sem alteração,não altera,OK
2025-06-30,rendimento,RENDIMENTO,CREDITO,BCIA11,BRADESCO CARTEIRA IMOBILIARIA ATIVA FUNDO DE FUNDOS DE INVESTIMENTO IMOBILIARIO FII,NU INVEST CORRETORA DE VALORES S.A.,4,0.84,3.36,aumenta,sem alteração,não altera,OK
2025-06-25,rendimento,RENDIMENTO,CREDITO,SNAG11,SUNO AGRO - FIAGRO-IMOBILIARIO,NU INVEST CORRETORA DE VALORES S.A.,40,0.11,4.4,aumenta,sem alteração,não altera,OK
2025-06-24,rendimento,RENDIMENTO,CREDITO,RBRX11,RBR PLUS MULTIESTRATÉGIA REAL ESTATE FII,NU INVEST CORRETORA DE VALORES S.A.,49,0.09,4.41,aumenta,sem alteração,não altera,OK
2025-06-23,rendimento,RENDIMENTO,CREDITO,RZAK11,RIZA AKIN FDO. INV. IMOB. FII,NU INVEST CORRETORA DE VALORES S.A.,5,1.15,5.75,aumenta,sem alteração,não altera,OK
2025-06-18,rendimento,RENDIMENTO,CREDITO,CPTS11,CAPITANIA SECURITIES II FUNDO DE INVESTIMENTO IMOBILIARIO RESPONSABILIDADE LIMITADA,NU INVEST CORRETORA DE VALORES S.A.,274,0.087,23.83,aumenta,sem alteração,não altera,OK
2025-06-13,rendimento,RENDIMENTO,CREDITO,BBGO11,BB FDO DE INV DE CRÉDITO FIAGRO - IMOBILIÁRIO,NU INVEST CORRETORA DE VALORES S.A.,5,0.95,4.75,aumenta,sem alteração,não altera,OK
2025-06-13,rendimento,RENDIMENTO,CREDITO,HGBS11,HEDGE BRASIL SHOPPING FDO INV IMOB,NU INVEST CORRETORA DE VALORES S.A.,20,0.16,3.2,aumenta,sem alteração,não altera,OK
2025-06-13,rendimento,RENDIMENTO,CREDITO,HGCR11,PATRIA RECEBIVEIS IMOBILIARIOS - FIM- RESPONSABILIDADE LIMIT,NU INVEST CORRETORA DE VALORES S.A.,4,1.05,4.2,aumenta,sem alteração,não altera,OK
2025-06-13,rendimento,RENDIMENTO,CREDITO,MXRF11,MAXI RENDA FDO INV IMOB - FII,NU INVEST CORRETORA DE VALORES S.A.,40,0.1,4,aumenta,sem alteração,não altera,OK
2025-06-13,rendimento,RENDIMENTO,CREDITO,TEPP11,TELLUS PROPERTIES - FDO INV. IMOB,NU INVEST CORRETORA DE VALORES S.A.,5,0.95,4.75,aumenta,sem alteração,não altera,OK
2025-06-13,rendimento,RENDIMENTO,CREDITO,TGAR11,FUNDO DE INVESTIMENTO IMOBILIARIO TG ATIVO REAL,NU INVEST CORRETORA DE VALORES S.A.,4,1,4,aumenta,sem alteração,não altera,OK
2025-06-12,rendimento,RENDIMENTO,CREDITO,HABT11,HABITAT RECEBÍVEIS PULVERIZADOS - FII,NU INVEST CORRETORA DE VALORES S.A.,5,1.15,5.75,aumenta,sem alteração,não altera,OK
2025-06-12,rendimento,RENDIMENTO,CREDITO,KNCA11,KINEA CRÉDITO AGRO FIAGRO-IMOBILIÁRIO,NU INVEST CORRETORA DE VALORES S.A.,4,1.18,4.72,aumenta,sem alteração,não altera,OK
2025-06-12,rendimento,RENDIMENTO,CREDITO,KNSC11,KINEA SECURITIES FDO. DE INV. IMOB. - FII,NU INVEST CORRETORA DE VALORES S.A.,550,0.1,55,aumenta,sem alteração,não altera,OK
2025-06-06,rendimento,RENDIMENTO,CREDITO,HTMX11,FDO INV IMOB - FII HOTEL MAXINVEST,NU INVEST CORRETORA DE VALORES S.A.,2,1.54,3.08,aumenta,sem alteração,não altera,OK
2025-05-29,rendimento,RENDIMENTO,CREDITO,BCIA11,BRADESCO CARTEIRA IMOBILIARIA ATIVA FUNDO DE FUNDOS DE INVESTIMENTO IMOBILIARIO FII,NU INVEST CORRETORA DE VALORES S.A.,4,0.84,3.36,aumenta,sem alteração,não altera,OK
2025-05-23,rendimento,RENDIMENTO,CREDITO,RBRX11,RBR PLUS MULTIESTRATÉGIA REAL ESTATE FII,NU INVEST CORRETORA DE VALORES S.A.,49,0.09,4.41,aumenta,sem alteração,não altera,OK
2025-05-23,rendimento,RENDIMENTO,CREDITO,SNAG11,SUNO AGRO - FIAGRO-IMOBILIARIO,NU INVEST CORRETORA DE VALORES S.A.,40,0.11,4.4,aumenta,sem alteração,não altera,OK
2025-05-22,rendimento,RENDIMENTO,CREDITO,RZAK11,RIZA AKIN FDO. INV. IMOB. FII,NU INVEST CORRETORA DE VALORES S.A.,5,1.05,5.25,aumenta,sem alteração,não altera,OK
2025-05-20,rendimento,RENDIMENTO,CREDITO,CPTS11,CAPITANIA SECURITIES II FUNDO DE INVESTIMENTO IMOBILIARIO RESPONSABILIDADE LIMITADA,NU INVEST CORRETORA DE VALORES S.A.,51,0.085,4.33,aumenta,sem alteração,não altera,OK
2025-05-15,rendimento,RENDIMENTO,CREDITO,BBGO11,BB FDO DE INV DE CRÉDITO FIAGRO - IMOBILIÁRIO,NU INVEST CORRETORA DE VALORES S.A.,5,0.95,4.75,aumenta,sem alteração,não altera,OK
2025-05-15,rendimento,RENDIMENTO,CREDITO,HGBS11,HEDGE BRASIL SHOPPING FDO INV IMOB,NU INVEST CORRETORA DE VALORES S.A.,2,1.6,3.2,aumenta,sem alteração,não altera,OK
2025-05-15,rendimento,RENDIMENTO,CREDITO,HGCR11,PATRIA RECEBIVEIS IMOBILIARIOS - FIM- RESPONSABILIDADE LIMIT,NU INVEST CORRETORA DE VALORES S.A.,4,1.05,4.2,aumenta,sem alteração,não altera,OK
2025-05-15,rendimento,RENDIMENTO,CREDITO,MXRF11,MAXI RENDA FDO INV IMOB - FII,NU INVEST CORRETORA DE VALORES S.A.,40,0.1,4,aumenta,sem alteração,não altera,OK
2025-05-15,rendimento,RENDIMENTO,CREDITO,TEPP11,TELLUS PROPERTIES - FDO INV. IMOB,NU INVEST CORRETORA DE VALORES S.A.,5,0.95,4.75,aumenta,sem alteração,não altera,OK
2025-05-15,rendimento,RENDIMENTO,CREDITO,TGAR11,FUNDO DE INVESTIMENTO IMOBILIARIO TG ATIVO REAL,NU INVEST CORRETORA DE VALORES S.A.,4,1,4,aumenta,sem alteração,não altera,OK
2025-05-14,rendimento,RENDIMENTO,CREDITO,KNCA11,KINEA CRÉDITO AGRO FIAGRO-IMOBILIÁRIO,NU INVEST CORRETORA DE VALORES S.A.,4,1.2,4.8,aumenta,sem alteração,não altera,OK
2025-05-14,rendimento,RENDIMENTO,CREDITO,KNSC11,KINEA SECURITIES FDO. DE INV. IMOB. - FII,NU INVEST CORRETORA DE VALORES S.A.,550,0.11,60.5,aumenta,sem alteração,não altera,OK
2025-05-12,rendimento,RENDIMENTO,CREDITO,HABT11,HABITAT RECEBÍVEIS PULVERIZADOS - FII,NU INVEST CORRETORA DE VALORES S.A.,5,1.15,5.75,aumenta,sem alteração,não altera,OK
2025-05-08,rendimento,RENDIMENTO,CREDITO,HTMX11,FDO INV IMOB - FII HOTEL MAXINVEST,NU INVEST CORRETORA DE VALORES S.A.,2,0.8,1.6,aumenta,sem alteração,não altera,OK
2025-04-30,rendimento,RENDIMENTO,CREDITO,BCIA11,BRADESCO CARTEIRA IMOBILIARIA ATIVA FUNDO DE FUNDOS DE INVESTIMENTO IMOBILIARIO FII,NU INVEST CORRETORA DE VALORES S.A.,4,0.84,3.36,aumenta,sem alteração,não altera,OK
2025-04-25,rendimento,RENDIMENTO,CREDITO,SNAG11,SUNO AGRO - FIAGRO-IMOBILIARIO,NU INVEST CORRETORA DE VALORES S.A.,40,0.11,4.4,aumenta,sem alteração,não altera,OK
2025-04-24,rendimento,RENDIMENTO,CREDITO,RBRX11,RBR PLUS MULTIESTRATÉGIA REAL ESTATE FII,NU INVEST CORRETORA DE VALORES S.A.,49,0.08,3.92,aumenta,sem alteração,não altera,OK
2025-04-23,rendimento,RENDIMENTO,CREDITO,RZAK11,RIZA AKIN FDO. INV. IMOB. FII,NU INVEST CORRETORA DE VALORES S.A.,5,1.15,5.75,aumenta,sem alteração,não altera,OK
2025-04-17,rendimento,RENDIMENTO,CREDITO,CPTS11,CAPITANIA SECURITIES II FUNDO DE INVESTIMENTO IMOBILIARIO RESPONSABILIDADE LIMITADA,NU INVEST CORRETORA DE VALORES S.A.,51,0.082,4.18,aumenta,sem alteração,não altera,OK
2025-04-14,rendimento,RENDIMENTO,CREDITO,BBGO11,BB FDO DE INV DE CRÉDITO FIAGRO - IMOBILIÁRIO,NU INVEST CORRETORA DE VALORES S.A.,5,0.85,4.25,aumenta,sem alteração,não altera,OK
2025-04-14,rendimento,RENDIMENTO,CREDITO,HGBS11,HEDGE BRASIL SHOPPING FDO INV IMOB,NU INVEST CORRETORA DE VALORES S.A.,2,1.6,3.2,aumenta,sem alteração,não altera,OK
2025-04-14,rendimento,RENDIMENTO,CREDITO,HGCR11,PATRIA RECEBIVEIS IMOBILIARIOS - FIM- RESPONSABILIDADE LIMIT,NU INVEST CORRETORA DE VALORES S.A.,4,1.05,4.2,aumenta,sem alteração,não altera,OK
2025-04-14,rendimento,RENDIMENTO,CREDITO,MXRF11,MAXI RENDA FDO INV IMOB - FII,NU INVEST CORRETORA DE VALORES S.A.,40,0.09,3.6,aumenta,sem alteração,não altera,OK
2025-04-14,rendimento,RENDIMENTO,CREDITO,TEPP11,TELLUS PROPERTIES - FDO INV. IMOB,NU INVEST CORRETORA DE VALORES S.A.,5,0.95,4.75,aumenta,sem alteração,não altera,OK
2025-04-14,rendimento,RENDIMENTO,CREDITO,TGAR11,FUNDO DE INVESTIMENTO IMOBILIARIO TG ATIVO REAL,NU INVEST CORRETORA DE VALORES S.A.,4,1,4,aumenta,sem alteração,não altera,OK
2025-04-11,rendimento,RENDIMENTO,CREDITO,HABT11,HABITAT RECEBÍVEIS PULVERIZADOS - FII,NU INVEST CORRETORA DE VALORES S.A.,5,1,5,aumenta,sem alteração,não altera,OK
2025-04-11,rendimento,RENDIMENTO,CREDITO,KNCA11,KINEA CRÉDITO AGRO FIAGRO-IMOBILIÁRIO,NU INVEST CORRETORA DE VALORES S.A.,4,1,4,aumenta,sem alteração,não altera,OK
2025-04-11,rendimento,RENDIMENTO,CREDITO,KNSC11,KINEA SECURITIES FDO. DE INV. IMOB. - FII,NU INVEST CORRETORA DE VALORES S.A.,550,0.1,55,aumenta,sem alteração,não altera,OK
2025-04-07,rendimento,RENDIMENTO,CREDITO,HTMX11,FDO INV IMOB - FII HOTEL MAXINVEST,NU INVEST CORRETORA DE VALORES S.A.,2,0.798,1.59,aumenta,sem alteração,não altera,OK
2025-03-31,rendimento,RENDIMENTO,CREDITO,BCIA11,BRADESCO CARTEIRA IMOBILIARIA ATIVA FUNDO DE FUNDOS DE INVESTIMENTO IMOBILIARIO FII,NU INVEST CORRETORA DE VALORES S.A.,4,0.84,3.36,aumenta,sem alteração,não altera,OK
2025-03-25,rendimento,RENDIMENTO,CREDITO,RBRX11,RBR PLUS MULTIESTRATÉGIA REAL ESTATE FII,NU INVEST CORRETORA DE VALORES S.A.,49,0.08,3.92,aumenta,sem alteração,não altera,OK
2025-03-25,rendimento,RENDIMENTO,CREDITO,RZAK11,RIZA AKIN FDO. INV. IMOB. FII,NU INVEST CORRETORA DE VALORES S.A.,5,1.3,6.5,aumenta,sem alteração,não altera,OK
2025-03-25,rendimento,RENDIMENTO,CREDITO,SNAG11,SUNO AGRO - FIAGRO-IMOBILIARIO,NU INVEST CORRETORA DE VALORES S.A.,40,0.11,4.4,aumenta,sem alteração,não altera,OK
2025-03-21,rendimento,RENDIMENTO,CREDITO,CPTS11,CAPITANIA SECURITIES II FUNDO DE INVESTIMENTO IMOBILIARIO RESPONSABILIDADE LIMITADA,NU INVEST CORRETORA DE VALORES S.A.,51,0.08,4.08,aumenta,sem alteração,não altera,OK
2025-03-18,rendimento,RENDIMENTO,CREDITO,BBGO11,BB FDO DE INV DE CRÉDITO FIAGRO - IMOBILIÁRIO,NU INVEST CORRETORA DE VALORES S.A.,5,0.79,3.95,aumenta,sem alteração,não altera,OK
2025-03-18,rendimento,RENDIMENTO,CREDITO,HGBS11,HEDGE BRASIL SHOPPING FDO INV IMOB,NU INVEST CORRETORA DE VALORES S.A.,2,1.6,3.2,aumenta,sem alteração,não altera,OK
2025-03-18,rendimento,RENDIMENTO,CREDITO,HGCR11,PATRIA RECEBIVEIS IMOBILIARIOS - FIM- RESPONSABILIDADE LIMIT,NU INVEST CORRETORA DE VALORES S.A.,4,1.05,4.2,aumenta,sem alteração,não altera,OK
2025-03-18,rendimento,RENDIMENTO,CREDITO,MXRF11,MAXI RENDA FDO INV IMOB - FII,NU INVEST CORRETORA DE VALORES S.A.,40,0.09,3.6,aumenta,sem alteração,não altera,OK
2025-03-18,rendimento,RENDIMENTO,CREDITO,TEPP11,TELLUS PROPERTIES - FDO INV. IMOB,NU INVEST CORRETORA DE VALORES S.A.,5,0.95,4.75,aumenta,sem alteração,não altera,OK
2025-03-18,rendimento,RENDIMENTO,CREDITO,TGAR11,FUNDO DE INVESTIMENTO IMOBILIARIO TG ATIVO REAL,NU INVEST CORRETORA DE VALORES S.A.,4,1,4,aumenta,sem alteração,não altera,OK
2025-03-17,rendimento,RENDIMENTO,CREDITO,KNCA11,KINEA CRÉDITO AGRO FIAGRO-IMOBILIÁRIO,NU INVEST CORRETORA DE VALORES S.A.,4,1.2,4.8,aumenta,sem alteração,não altera,OK
2025-03-17,rendimento,RENDIMENTO,CREDITO,KNSC11,KINEA SECURITIES FDO. DE INV. IMOB. - FII,NU INVEST CORRETORA DE VALORES S.A.,550,0.09,49.5,aumenta,sem alteração,não altera,OK
2025-03-14,dividendo,DIVIDENDO,CREDITO,VALE3,VALE S.A.,GENIAL INSTITUCIONAL CCTVM S.A.,3,2.142,6.42,aumenta,sem alteração,não altera,OK
2025-03-12,rendimento,RENDIMENTO,CREDITO,HABT11,HABITAT RECEBÍVEIS PULVERIZADOS - FII,NU INVEST CORRETORA DE VALORES S.A.,5,1.08,5.4,aumenta,sem alteração,não altera,OK
2025-03-11,rendimento,RENDIMENTO,CREDITO,HTMX11,FDO INV IMOB - FII HOTEL MAXINVEST,NU INVEST CORRETORA DE VALORES S.A.,2,0.982,1.96,aumenta,sem alteração,não altera,OK
2025-02-28,rendimento,RENDIMENTO,CREDITO,BCIA11,BRADESCO CARTEIRA IMOBILIÁRIA ATIVA - FII,NU INVEST CORRETORA DE VALORES S.A.,4,0.84,3.36,aumenta,sem alteração,não altera,OK
2025-02-25,rendimento,RENDIMENTO,CREDITO,SNAG11,SUNO AGRO - FIAGRO-IMOBILIARIO,NU INVEST CORRETORA DE VALORES S.A.,40,0.11,4.4,aumenta,sem alteração,não altera,OK
2025-02-21,rendimento,RENDIMENTO,CREDITO,RBRX11,RBR PLUS MULTIESTRATÉGIA REAL ESTATE FII,NU INVEST CORRETORA DE VALORES S.A.,49,0.08,3.92,aumenta,sem alteração,não altera,OK
2025-02-21,rendimento,RENDIMENTO,CREDITO,RZAK11,RIZA AKIN FDO. INV. IMOB. FII,NU INVEST CORRETORA DE VALORES S.A.,5,1.2,6,aumenta,sem alteração,não altera,OK
2025-02-19,rendimento,RENDIMENTO,CREDITO,CPTS11,CAPITANIA SECURITIES II FUNDO DE INVESTIMENTO IMOBILIARIO RESPONSABILIDADE LIMITADA,NU INVEST CORRETORA DE VALORES S.A.,51,0.075,3.82,aumenta,sem alteração,não altera,OK
2025-02-14,rendimento,RENDIMENTO,CREDITO,BBGO11,BB FDO DE INV DE CRÉDITO FIAGRO - IMOBILIÁRIO,NU INVEST CORRETORA DE VALORES S.A.,5,0.79,3.95,aumenta,sem alteração,não altera,OK
2025-02-14,rendimento,RENDIMENTO,CREDITO,HGBS11,HEDGE BRASIL SHOPPING FDO INV IMOB,NU INVEST CORRETORA DE VALORES S.A.,2,1.6,3.2,aumenta,sem alteração,não altera,OK
2025-02-14,rendimento,RENDIMENTO,CREDITO,HGCR11,PÁTRIA RECEBÍVEIS IMOBILIÁRIOS - FII - RESP. LTDA.,NU INVEST CORRETORA DE VALORES S.A.,4,1.05,4.2,aumenta,sem alteração,não altera,OK
2025-02-14,rendimento,RENDIMENTO,CREDITO,MXRF11,MAXI RENDA FDO INV IMOB - FII,NU INVEST CORRETORA DE VALORES S.A.,40,0.09,3.6,aumenta,sem alteração,não altera,OK
2025-02-14,rendimento,RENDIMENTO,CREDITO,TEPP11,TELLUS PROPERTIES - FDO INV. IMOB,NU INVEST CORRETORA DE VALORES S.A.,5,0.8,4,aumenta,sem alteração,não altera,OK
2025-02-14,rendimento,RENDIMENTO,CREDITO,TGAR11,FUNDO DE INVESTIMENTO IMOBILIARIO TG ATIVO REAL,NU INVEST CORRETORA DE VALORES S.A.,4,1,4,aumenta,sem alteração,não altera,OK
2025-02-13,rendimento,RENDIMENTO,CREDITO,KNCA11,KINEA CRÉDITO AGRO FIAGRO-IMOBILIÁRIO,NU INVEST CORRETORA DE VALORES S.A.,4,1.12,4.48,aumenta,sem alteração,não altera,OK
2025-02-13,rendimento,RENDIMENTO,CREDITO,KNSC11,KINEA SECURITIES FDO. DE INV. IMOB. - FII,NU INVEST CORRETORA DE VALORES S.A.,550,0.1,55,aumenta,sem alteração,não altera,OK
2025-02-12,rendimento,RENDIMENTO,CREDITO,HABT11,HABITAT RECEBÍVEIS PULVERIZADOS - FII,NU INVEST CORRETORA DE VALORES S.A.,5,1.1,5.5,aumenta,sem alteração,não altera,OK
2025-02-07,rendimento,RENDIMENTO,CREDITO,HTMX11,FDO INV IMOB - FII HOTEL MAXINVEST,NU INVEST CORRETORA DE VALORES S.A.,2,1.23,2.46,aumenta,sem alteração,não altera,OK
2025-01-29,rendimento,RENDIMENTO,CREDITO,BCIA11,BRADESCO CARTEIRA IMOBILIÁRIA ATIVA - FII,NU INVEST CORRETORA DE VALORES S.A.,4,0.95,3.8,aumenta,sem alteração,não altera,OK
2025-01-24,rendimento,RENDIMENTO,CREDITO,SNAG11,SUNO AGRO - FIAGRO-IMOBILIARIO,NU INVEST CORRETORA DE VALORES S.A.,40,0.11,4.4,aumenta,sem alteração,não altera,OK
2025-01-23,rendimento,RENDIMENTO,CREDITO,RBRX11,RBR PLUS MULTIESTRATÉGIA REAL ESTATE FII,NU INVEST CORRETORA DE VALORES S.A.,49,0.08,3.92,aumenta,sem alteração,não altera,OK
2025-01-22,rendimento,RENDIMENTO,CREDITO,RZAK11,RIZA AKIN FDO. INV. IMOB. FII,NU INVEST CORRETORA DE VALORES S.A.,5,1.774,8.87,aumenta,sem alteração,não altera,OK
2025-01-20,rendimento,RENDIMENTO,CREDITO,CPTS11,CAPITANIA SECURITIES II FUNDO DE INVESTIMENTO IMOBILIARIO RESPONSABILIDADE LIMITADA,NU INVEST CORRETORA DE VALORES S.A.,51,0.075,3.82,aumenta,sem alteração,não altera,OK
2025-01-15,rendimento,RENDIMENTO,CREDITO,BBGO11,BB FDO DE INV DE CRÉDITO FIAGRO - IMOBILIÁRIO,NU INVEST CORRETORA DE VALORES S.A.,5,2.28,11.4,aumenta,sem alteração,não altera,OK
2025-01-15,rendimento,RENDIMENTO,CREDITO,HGBS11,HEDGE BRASIL SHOPPING FDO INV IMOB,NU INVEST CORRETORA DE VALORES S.A.,2,1.6,3.2,aumenta,sem alteração,não altera,OK
2025-01-15,rendimento,RENDIMENTO,CREDITO,HGCR11,PÁTRIA RECEBÍVEIS IMOBILIÁRIOS - FII - RESP. LTDA.,NU INVEST CORRETORA DE VALORES S.A.,4,0.95,3.8,aumenta,sem alteração,não altera,OK
2025-01-15,rendimento,RENDIMENTO,CREDITO,TEPP11,TELLUS PROPERTIES - FDO INV. IMOB,NU INVEST CORRETORA DE VALORES S.A.,5,0.78,3.9,aumenta,sem alteração,não altera,OK
2025-01-15,rendimento,RENDIMENTO,CREDITO,TGAR11,FUNDO DE INVESTIMENTO IMOBILIARIO TG ATIVO REAL,NU INVEST CORRETORA DE VALORES S.A.,4,1.1,4.4,aumenta,sem alteração,não altera,OK
2025-01-14,rendimento,RENDIMENTO,CREDITO,KNCA11,KINEA CRÉDITO AGRO FIAGRO-IMOBILIÁRIO,NU INVEST CORRETORA DE VALORES S.A.,4,1,4,aumenta,sem alteração,não altera,OK
2025-01-14,rendimento,RENDIMENTO,CREDITO,KNSC11,KINEA SECURITIES FDO. DE INV. IMOB. - FII,NU INVEST CORRETORA DE VALORES S.A.,550,0.09,49.5,aumenta,sem alteração,não altera,OK
2025-01-14,rendimento,RENDIMENTO,CREDITO,MXRF11,MAXI RENDA FDO INV IMOB - FII,NU INVEST CORRETORA DE VALORES S.A.,40,0.1,4,aumenta,sem alteração,não altera,OK
2025-01-10,rendimento,RENDIMENTO,CREDITO,HABT11,HABITAT RECEBÍVEIS PULVERIZADOS - FII,NU INVEST CORRETORA DE VALORES S.A.,5,1.05,5.25,aumenta,sem alteração,não altera,OK
2025-01-08,rendimento,RENDIMENTO,CREDITO,HTMX11,FDO INV IMOB - FII HOTEL MAXINVEST,NU INVEST CORRETORA DE VALORES S.A.,2,3.937,7.87,aumenta,sem alteração,não altera,OK
2024-12-30,rendimento,RENDIMENTO,CREDITO,BCIA11,BRADESCO CARTEIRA IMOBILIÁRIA ATIVA - FII,NU INVEST CORRETORA DE VALORES S.A.,4,0.84,3.36,aumenta,sem alteração,não altera,OK
2024-12-23,rendimento,RENDIMENTO,CREDITO,RBRX11,RBR PLUS MULTIESTRATÉGIA REAL ESTATE FII,NU INVEST CORRETORA DE VALORES S.A.,49,0.08,3.92,aumenta,sem alteração,não altera,OK
2024-12-23,rendimento,RENDIMENTO,CREDITO,SNAG11,SUNO AGRO - FIAGRO-IMOBILIARIO,NU INVEST CORRETORA DE VALORES S.A.,40,0.1,4,aumenta,sem alteração,não altera,OK
2024-12-20,rendimento,RENDIMENTO,CREDITO,RZAK11,RIZA AKIN FDO. INV. IMOB. FII,NU INVEST CORRETORA DE VALORES S.A.,5,1.13,5.65,aumenta,sem alteração,não altera,OK
2024-12-18,rendimento,RENDIMENTO,CREDITO,CPTS11,CAPITANIA SECURITIES II FDO INV IMOB - RESP LTDA.,NU INVEST CORRETORA DE VALORES S.A.,51,0.075,3.82,aumenta,sem alteração,não altera,OK
2024-12-13,rendimento,RENDIMENTO,CREDITO,HGBS11,HEDGE BRASIL SHOPPING FDO INV IMOB,NU INVEST CORRETORA DE VALORES S.A.,2,1.6,3.2,aumenta,sem alteração,não altera,OK
2024-12-13,rendimento,RENDIMENTO,CREDITO,HGCR11,PÁTRIA RECEBÍVEIS IMOBILIÁRIOS - FII - RESP. LTDA.,NU INVEST CORRETORA DE VALORES S.A.,4,0.95,3.8,aumenta,sem alteração,não altera,OK
2024-12-13,rendimento,RENDIMENTO,CREDITO,MXRF11,MAXI RENDA FDO INV IMOB - FII,NU INVEST CORRETORA DE VALORES S.A.,40,0.1,4,aumenta,sem alteração,não altera,OK
2024-12-13,rendimento,RENDIMENTO,CREDITO,TEPP11,TELLUS PROPERTIES - FDO INV. IMOB,NU INVEST CORRETORA DE VALORES S.A.,5,0.78,3.9,aumenta,sem alteração,não altera,OK
2024-12-13,rendimento,RENDIMENTO,CREDITO,TGAR11,FUNDO DE INVESTIMENTO IMOBILIARIO TG ATIVO REAL,NU INVEST CORRETORA DE VALORES S.A.,4,1.15,4.6,aumenta,sem alteração,não altera,OK
2024-12-12,rendimento,RENDIMENTO,CREDITO,KNCA11,KINEA CRÉDITO AGRO FIAGRO-IMOBILIÁRIO,NU INVEST CORRETORA DE VALORES S.A.,4,0.9,3.6,aumenta,sem alteração,não altera,OK
2024-12-12,rendimento,RENDIMENTO,CREDITO,KNSC11,KINEA SECURITIES FDO. DE INV. IMOB. - FII,NU INVEST CORRETORA DE VALORES S.A.,550,0.08,44,aumenta,sem alteração,não altera,OK
2024-12-11,rendimento,RENDIMENTO,CREDITO,HABT11,HABITAT RECEBÍVEIS PULVERIZADOS - FII,NU INVEST CORRETORA DE VALORES S.A.,5,1.02,5.1,aumenta,sem alteração,não altera,OK
2024-12-06,rendimento,RENDIMENTO,CREDITO,HTMX11,FDO INV IMOB - FII HOTEL MAXINVEST,NU INVEST CORRETORA DE VALORES S.A.,2,3.416,6.83,aumenta,sem alteração,não altera,OK
2024-11-29,rendimento,RENDIMENTO,CREDITO,BCIA11,BRADESCO CARTEIRA IMOBILIÁRIA ATIVA - FII,NU INVEST CORRETORA DE VALORES S.A.,4,0.84,3.36,aumenta,sem alteração,não altera,OK
2024-11-25,rendimento,RENDIMENTO,CREDITO,RBRX11,RBR PLUS MULTIESTRATÉGIA REAL ESTATE FII,NU INVEST CORRETORA DE VALORES S.A.,49,0.08,3.92,aumenta,sem alteração,não altera,OK
2024-11-25,rendimento,RENDIMENTO,CREDITO,RZAK11,RIZA AKIN FDO. INV. IMOB. FII,NU INVEST CORRETORA DE VALORES S.A.,5,1.07,5.35,aumenta,sem alteração,não altera,OK
2024-11-25,rendimento,RENDIMENTO,CREDITO,SNAG11,SUNO AGRO - FIAGRO-IMOBILIARIO,NU INVEST CORRETORA DE VALORES S.A.,40,0.1,4,aumenta,sem alteração,não altera,OK
2024-11-21,rendimento,RENDIMENTO,CREDITO,CPTS11,CAPITANIA SECURITIES II FDO INV IMOB - FII,NU INVEST CORRETORA DE VALORES S.A.,51,0.062,3.16,aumenta,sem alteração,não altera,OK
2024-11-18,resgate,APLICACAO,CREDITO,CDB,CDBB246LJLE - BANCO BTG PACTUAL S.A.,BANCO BTG PACTUAL S.A.,1000000,0.01,10000,aumenta,reduz posição,não altera para posição remanescente,OK
2024-11-14,rendimento,RENDIMENTO,CREDITO,HGBS11,HEDGE BRASIL SHOPPING FDO INV IMOB,NU INVEST CORRETORA DE VALORES S.A.,2,1.6,3.2,aumenta,sem alteração,não altera,OK
2024-11-14,rendimento,RENDIMENTO,CREDITO,HGCR11,PÁTRIA RECEBÍVEIS IMOBILIÁRIOS - FII - RESP. LTDA.,NU INVEST CORRETORA DE VALORES S.A.,4,0.95,3.8,aumenta,sem alteração,não altera,OK
2024-11-14,rendimento,RENDIMENTO,CREDITO,MXRF11,MAXI RENDA FDO INV IMOB - FII,NU INVEST CORRETORA DE VALORES S.A.,40,0.09,3.6,aumenta,sem alteração,não altera,OK
2024-11-14,rendimento,RENDIMENTO,CREDITO,TEPP11,TELLUS PROPERTIES - FDO INV. IMOB,NU INVEST CORRETORA DE VALORES S.A.,5,0.78,3.9,aumenta,sem alteração,não altera,OK
2024-11-14,rendimento,RENDIMENTO,CREDITO,TGAR11,FUNDO DE INVESTIMENTO IMOBILIARIO TG ATIVO REAL,NU INVEST CORRETORA DE VALORES S.A.,4,1.15,4.6,aumenta,sem alteração,não altera,OK
2024-11-13,rendimento,RENDIMENTO,CREDITO,KNCA11,KINEA CRÉDITO AGRO FIAGRO-IMOBILIÁRIO,NU INVEST CORRETORA DE VALORES S.A.,4,1.02,4.08,aumenta,sem alteração,não altera,OK
2024-11-13,rendimento,RENDIMENTO,CREDITO,KNSC11,KINEA SECURITIES FDO. DE INV. IMOB. - FII,NU INVEST CORRETORA DE VALORES S.A.,550,0.08,44,aumenta,sem alteração,não altera,OK
2024-11-12,rendimento,RENDIMENTO,CREDITO,HABT11,HABITAT RECEBÍVEIS PULVERIZADOS - FII,NU INVEST CORRETORA DE VALORES S.A.,5,0.9,4.5,aumenta,sem alteração,não altera,OK
2024-11-07,rendimento,RENDIMENTO,CREDITO,HTMX11,FDO INV IMOB - FII HOTEL MAXINVEST,NU INVEST CORRETORA DE VALORES S.A.,2,2.366,4.73,aumenta,sem alteração,não altera,OK
2024-10-28,rendimento,RENDIMENTO,CREDITO,BCIA11,BRADESCO CARTEIRA IMOBILIÁRIA ATIVA - FII,NU INVEST CORRETORA DE VALORES S.A.,4,0.87,3.48,aumenta,sem alteração,não altera,OK
2024-10-25,rendimento,RENDIMENTO,CREDITO,SNAG11,SUNO AGRO - FIAGRO-IMOBILIARIO,NU INVEST CORRETORA DE VALORES S.A.,40,0.1,4,aumenta,sem alteração,não altera,OK
2024-10-22,rendimento,RENDIMENTO,CREDITO,RBRX11,RBR PLUS MULTIESTRATÉGIA REAL ESTATE FII,NU INVEST CORRETORA DE VALORES S.A.,49,0.08,3.92,aumenta,sem alteração,não altera,OK
2024-10-21,rendimento,RENDIMENTO,CREDITO,RZAK11,RIZA AKIN FDO. INV. IMOB. FII,NU INVEST CORRETORA DE VALORES S.A.,5,1.05,5.25,aumenta,sem alteração,não altera,OK
2024-10-17,rendimento,RENDIMENTO,CREDITO,CPTS11,CAPITANIA SECURITIES II FDO INV IMOB - FII,NU INVEST CORRETORA DE VALORES S.A.,51,0.072,3.67,aumenta,sem alteração,não altera,OK
2024-10-14,rendimento,RENDIMENTO,CREDITO,BBGO11,BB FDO DE INV DE CRÉDITO FIAGRO - IMOBILIÁRIO,NU INVEST CORRETORA DE VALORES S.A.,5,0.1,0.5,aumenta,sem alteração,não altera,OK
2024-10-14,rendimento,RENDIMENTO,CREDITO,HGBS11,HEDGE BRASIL SHOPPING FDO INV IMOB,NU INVEST CORRETORA DE VALORES S.A.,2,1.6,3.2,aumenta,sem alteração,não altera,OK
2024-10-14,rendimento,RENDIMENTO,CREDITO,HGCR11,PÁTRIA RECEBÍVEIS IMOBILIÁRIOS - FII - RESP. LTDA.,NU INVEST CORRETORA DE VALORES S.A.,4,0.95,3.8,aumenta,sem alteração,não altera,OK
2024-10-14,rendimento,RENDIMENTO,CREDITO,MXRF11,MAXI RENDA FDO INV IMOB - FII,NU INVEST CORRETORA DE VALORES S.A.,40,0.09,3.6,aumenta,sem alteração,não altera,OK
2024-10-14,rendimento,RENDIMENTO,CREDITO,TEPP11,TELLUS PROPERTIES - FDO INV. IMOB,NU INVEST CORRETORA DE VALORES S.A.,5,0.78,3.9,aumenta,sem alteração,não altera,OK
2024-10-14,rendimento,RENDIMENTO,CREDITO,TGAR11,FUNDO DE INVESTIMENTO IMOBILIARIO TG ATIVO REAL,NU INVEST CORRETORA DE VALORES S.A.,4,1.14,4.56,aumenta,sem alteração,não altera,OK
2024-10-11,rendimento,RENDIMENTO,CREDITO,HABT11,HABITAT RECEBÍVEIS PULVERIZADOS - FII,NU INVEST CORRETORA DE VALORES S.A.,5,1,5,aumenta,sem alteração,não altera,OK
2024-10-11,rendimento,RENDIMENTO,CREDITO,KNCA11,KINEA CRÉDITO AGRO FIAGRO-IMOBILIÁRIO,NU INVEST CORRETORA DE VALORES S.A.,4,1.05,4.2,aumenta,sem alteração,não altera,OK
2024-10-11,rendimento,RENDIMENTO,CREDITO,KNSC11,KINEA SECURITIES FDO. DE INV. IMOB. - FII,NU INVEST CORRETORA DE VALORES S.A.,550,0.09,49.5,aumenta,sem alteração,não altera,OK
2024-10-07,dividendo,DIVIDENDO,CREDITO,B3SA3,"B3 S.A. - BRASIL, BOLSA, BALCÃO",GENIAL INSTITUCIONAL CCTVM S.A.,26,0.035,0.91,aumenta,sem alteração,não altera,OK
2024-10-07,dividendo,DIVIDENDO,CREDITO,B3SA3,"B3 S.A. - BRASIL, BOLSA, BALCÃO",NU INVEST CORRETORA DE VALORES S.A.,10,0.035,0.35,aumenta,sem alteração,não altera,OK
2024-10-07,rendimento,RENDIMENTO,CREDITO,HTMX11,FDO INV IMOB - FII HOTEL MAXINVEST,NU INVEST CORRETORA DE VALORES S.A.,2,2.15,4.3,aumenta,sem alteração,não altera,OK
2024-07-05,dividendo,DIVIDENDO,CREDITO,B3SA3,"B3 S.A. - BRASIL, BOLSA, BALCÃO",GENIAL INSTITUCIONAL CCTVM S.A.,26,0.035,0.9,aumenta,sem alteração,não altera,OK
2024-07-05,dividendo,DIVIDENDO,CREDITO,B3SA3,"B3 S.A. - BRASIL, BOLSA, BALCÃO",NU INVEST CORRETORA DE VALORES S.A.,10,0.035,0.34,aumenta,sem alteração,não altera,OK
2024-04-05,dividendo,DIVIDENDO,CREDITO,B3SA3,"B3 S.A. - BRASIL, BOLSA, BALCÃO",NU INVEST CORRETORA DE VALORES S.A.,10,0.067,0.66,aumenta,sem alteração,não altera,OK
2024-01-08,dividendo,DIVIDENDO,CREDITO,B3SA3,"B3 S.A. - BRASIL, BOLSA, BALCÃO",NU INVEST CORRETORA DE VALORES S.A.,10,0.041,0.4,aumenta,sem alteração,não altera,OK
2023-10-06,dividendo,DIVIDENDO,CREDITO,B3SA3,"B3 S.A. - BRASIL, BOLSA, BALCÃO",NU INVEST CORRETORA DE VALORES S.A.,10,0.05,0.49,aumenta,sem alteração,não altera,OK
2023-07-07,dividendo,DIVIDENDO,CREDITO,B3SA3,"B3 S.A. - BRASIL, BOLSA, BALCÃO",NU INVEST CORRETORA DE VALORES S.A.,10,0.054,0.53,aumenta,sem alteração,não altera,OK
2023-04-10,dividendo,DIVIDENDO,CREDITO,B3SA3,"B3 S.A. - BRASIL, BOLSA, BALCÃO",NU INVEST CORRETORA DE VALORES S.A.,10,0.037,0.36,aumenta,sem alteração,não altera,OK
2022-12-29,dividendo,DIVIDENDO,CREDITO,B3SA3,B3,NU INVEST CORRETORA DE VALORES S.A.,10,0.024,0.24,aumenta,sem alteração,não altera,OK
2022-10-07,dividendo,DIVIDENDO,CREDITO,B3SA3,B3,NU INVEST CORRETORA DE VALORES S.A.,10,0.028,0.28,aumenta,sem alteração,não altera,OK
2022-07-08,dividendo,DIVIDENDO,CREDITO,B3SA3,"B3 S.A. - BRASIL, BOLSA, BALCÃO",NU INVEST CORRETORA DE VALORES S.A.,10,0.07,0.69,aumenta,sem alteração,não altera,OK
2022-04-08,dividendo,DIVIDENDO,CREDITO,B3SA3,"B3 S.A. - BRASIL, BOLSA, BALCÃO",NU INVEST CORRETORA DE VALORES S.A.,10,0.131,1.31,aumenta,sem alteração,não altera,OK
2021-10-07,dividendo,DIVIDENDO,CREDITO,B3SA3,"B3 S.A. - BRASIL, BOLSA, BALCÃO",NU INVEST CORRETORA DE VALORES S.A.,10,0.15,1.5,aumenta,sem alteração,não altera,OK